id_registro,estudiante,id_curso,nota,horas_estudio
696,Daniela Nieto,C03,4.7,10
2138,Felipe Salazar,C04,2.8,17
2566,Santiago Mendoza,C03,,9
4590,Sofia Ospina,C02,3.0,6
4017,Juan Ospina,C04,4.8,15
2639,Isabella Rincon,C01,3.0,15
2734,Andres Beltran,C02,3.2,8
2941,Camila Rojas,C05,4.5,17
1706,Sebastian Cabrera,C02,3.6,3
1044,Mariana Silva,C03,4.4,5
3389,Felipe Ospina,C03,5.0,13
23,Laura Herrera,C01,,13
2724,Luis Ospina,C05,4.1,7
2984,Valeria Ospina,C01,,16
755,Mariana Beltran,C02,2.0,10
574,Alejandra Nieto,C03,3.4,6
515,Luis Vargas,C03,5.0,11
2412,Alejandra Herrera,C01,2.0,16
4737,Paula Vargas,C01,2.9,10
4582,Valeria Mendoza,C02,3.2,13
103,Camila Martinez,C03,3.1,4
1280,Camila Duran,C02,4.6,9
4844,Valeria Cabrera,C01,3.6,3
4599,Valeria Pardo,C04,3.8,11
4304,Luis Mendoza,C02,3.1,4
245,Nicolas Pardo,C01,0.8,11
562,Isabella Rojas,C04,2.6,6
150,Sofia Rojas,C04,3.5,2
1613,Luis Cabrera,C04,4.0,8
1629,Carlos Gomez,C01,2.0,10
3255,Paula Castro,C02,3.6,19
1575,Sofia Silva,C05,2.8,18
3964,Sofia Silva,C03,4.8,18
350,Andres Rincon,C01,2.2,4
2753,Sebastian Rojas,C01,4.0,8
4782,Valeria Salazar,C03,5.0,6
1662,Isabella Silva,C03,,0
4333,Juan Nieto,C04,3.6,5
4306,Tomas Gomez,C03,4.0,17
2384,Nicolas Duran,C04,2.9,5
2122,Santiago Gomez,C02,3.5,3
2246,Valeria Duran,C05,4.2,15
4502,Alejandra Martinez,C05,3.3,17
4041,Isabella Vargas,C04,3.5,16
4900,Nicolas Martinez,C05,3.9,8
2400,Felipe Martinez,C01,3.1,9
2554,Mateo Castro,C03,5.0,17
4545,Miguel Vargas,C01,2.4,3
3038,Santiago Beltran,C05,3.5,9
1099,Camila Silva,C01,2.6,19
953,Daniela Castro,C05,3.6,15
2651,Laura Martinez,C01,2.3,12
1033,Sara Salazar,C04,3.1,5
3993,Mariana Rincon,C04,3.9,0
3022,Valeria Cabrera,C02,2.9,9
1097,Daniela Vargas,C04,4.7,20
4899,Sara Mendoza,C03,3.9,16
1921,Sofia Herrera,C02,4.1,11
661,Santiago Herrera,C03,,15
1833,Nicolas Martinez,C04,2.4,0
2247,Ana Herrera,C04,2.1,2
4658,Mariana Martinez,C04,3.0,1
644,Andres Silva,C01,2.6,0
4641,Juan Herrera,C03,5.0,9
973,Carlos Castro,C02,4.8,18
4063,Gabriela Gomez,C03,5.0,3
112,Laura Cabrera,C02,3.3,6
955,Isabella Castro,C05,2.1,3
2980,Nicolas Mendoza,C04,2.5,3
1374,Carlos Ospina,C01,,2
315,Tomas Castro,C05,4.5,15
2221,Miguel Rincon,C04,3.3,19
2976,Luis Rojas,C02,3.7,2
4717,Tomas Duran,C04,3.6,4
1208,Isabella Nieto,C05,4.6,10
1335,Mateo Silva,C03,3.8,0
849,Sara Mendoza,C04,4.6,15
3768,Mariana Nieto,C05,3.3,12
1332,Tomas Beltran,C01,3.1,7
653,Camila Rojas,C01,2.9,13
3386,Diego Martinez,C03,3.6,5
2067,Laura Silva,C04,4.0,14
2087,Laura Duran,C02,3.3,4
3284,Luis Rincon,C05,,18
118,Miguel Nieto,C03,5.0,20
3199,Juan Martinez,C03,4.1,10
2697,Miguel Vargas,C01,2.8,7
1131,Camila Rojas,C05,4.6,1
4438,Sara Castro,C02,3.8,18
2815,Alejandra Beltran,C03,4.1,10
2217,Diego Salazar,C03,4.6,14
2222,Laura Salazar,C04,2.7,17
2759,Isabella Nieto,C02,4.9,15
273,Paula Vargas,C02,5.0,2
401,Carlos Beltran,C01,2.2,18
4583,Laura Nieto,C02,4.1,12
3959,Ana Cabrera,C04,4.0,10
2766,Gabriela Silva,C03,4.6,0
3271,Andres Nieto,C02,3.3,1
2488,Luis Rincon,C02,3.4,9
1536,Mariana Pardo,C02,4.0,13
4355,Juan Cabrera,C02,3.9,0
2116,Felipe Castro,C02,4.3,0
1637,Daniela Gomez,C05,3.5,9
2131,Isabella Duran,C04,3.4,18
287,Miguel Rincon,C02,2.9,15
4087,Mariana Martinez,C03,4.1,12
1725,Alejandra Martinez,C04,3.5,20
4650,Sebastian Vargas,C05,,6
4578,Camila Cabrera,C01,3.2,1
2265,Sofia Salazar,C03,5.0,4
3129,Luis Castro,C05,3.9,10
1128,Diego Nieto,C04,3.3,14
1515,Diego Rincon,C04,3.0,11
3847,Nicolas Vargas,C03,4.0,17
216,Diego Castro,C02,5.0,3
1070,Andres Silva,C04,3.8,20
2208,Andres Silva,C02,3.0,13
1133,Valeria Rincon,C04,2.2,12
4536,Diego Vargas,C05,3.6,8
2621,Andres Beltran,C04,4.7,8
707,Luis Rincon,C05,2.8,7
1569,Camila Duran,C05,3.8,6
4943,Juan Pardo,C01,2.1,0
4310,Valeria Ospina,C02,3.6,7
285,Sara Martinez,C03,4.6,14
1826,Carlos Pardo,C04,4.0,13
2953,Santiago Salazar,C03,4.7,8
4967,Laura Gomez,C05,4.0,4
1127,Sofia Ospina,C03,4.9,0
3465,Paula Duran,C05,4.9,20
328,Juan Martinez,C05,3.6,18
850,Alejandra Salazar,C04,3.9,10
2254,Nicolas Vargas,C03,4.5,10
128,Sebastian Pardo,C05,2.5,20
457,Juan Martinez,C01,3.0,12
1264,Sofia Rincon,C05,,3
1291,Daniela Salazar,C03,5.0,17
3376,Alejandra Herrera,C02,2.8,0
388,Sofia Rincon,C03,5.0,4
2325,Ana Beltran,C05,3.2,0
4981,Tomas Rincon,C03,5.0,16
4069,Laura Castro,C02,4.4,16
845,Sara Mendoza,C03,4.5,20
911,Isabella Beltran,C03,3.1,8
3572,Valeria Nieto,C04,3.7,2
4928,Juan Duran,C01,1.8,19
3705,Mateo Gomez,C02,4.9,2
305,Mateo Castro,C03,3.8,10
1603,Sebastian Silva,C05,4.0,16
4511,Juan Pardo,C04,3.4,14
2182,Sara Pardo,C05,3.3,17
4852,Sofia Rincon,C03,4.5,19
4160,Valeria Cabrera,C03,2.4,13
3616,Camila Beltran,C02,3.7,17
2127,Daniela Silva,C03,4.8,20
2369,Laura Beltran,C02,4.2,1
2533,Juan Vargas,C02,4.4,8
2540,Felipe Silva,C02,3.7,11
912,Felipe Ospina,C04,,12
2772,Mariana Vargas,C02,3.8,17
2534,Luis Mendoza,C05,5.0,0
840,Santiago Duran,C05,4.9,0
4838,Isabella Martinez,C04,3.8,16
4234,Paula Rojas,C05,3.8,2
1734,Mateo Salazar,C05,2.7,4
195,Daniela Silva,C01,,2
4050,Mateo Beltran,C05,5.0,8
961,Diego Martinez,C02,3.2,6
3073,Mariana Salazar,C05,3.5,7
389,Mateo Cabrera,C04,3.7,8
2767,Sofia Duran,C03,5.0,0
42,Mariana Duran,C04,3.1,12
1067,Nicolas Silva,C03,4.4,5
4038,Sara Martinez,C03,3.5,9
1769,Tomas Vargas,C04,3.6,7
153,Miguel Rincon,C01,3.4,12
4279,Laura Duran,C03,3.8,20
1382,Luis Duran,C03,3.7,18
3778,Carlos Ospina,C05,4.3,16
1198,Andres Rojas,C01,2.9,2
3411,Luis Mendoza,C04,3.2,0
4636,Carlos Salazar,C02,2.5,19
3951,Alejandra Herrera,C05,3.6,2
798,Tomas Duran,C03,4.7,2
2870,Andres Mendoza,C02,3.3,20
700,Gabriela Ospina,C02,3.8,4
934,Gabriela Beltran,C02,3.7,2
2386,Juan Mendoza,C01,2.5,11
4444,Diego Duran,C05,3.9,4
1672,Valeria Rincon,C02,2.2,2
2010,Sara Nieto,C02,4.1,1
928,Valeria Beltran,C05,3.2,12
4238,Tomas Pardo,C02,,1
1228,Diego Ospina,C02,4.3,3
2300,Carlos Vargas,C02,4.0,10
4913,Camila Ospina,C04,2.6,8
666,Carlos Vargas,C02,4.1,1
3611,Sebastian Mendoza,C04,3.9,16
1531,Alejandra Beltran,C02,4.1,16
1971,Sebastian Herrera,C05,3.0,3
4874,Diego Herrera,C01,3.2,3
4456,Tomas Pardo,C05,3.4,13
546,Sofia Gomez,C04,3.6,3
4659,Sofia Rojas,C04,3.7,11
3063,Nicolas Martinez,C04,4.3,11
4812,Sara Silva,C05,5.0,2
4461,Sofia Castro,C01,3.3,17
2053,Isabella Mendoza,C05,3.5,10
713,Luis Salazar,C05,3.1,10
3053,Sara Silva,C01,2.6,9
3875,Alejandra Silva,C01,1.1,16
4619,Camila Pardo,C05,3.6,11
3686,Diego Pardo,C01,2.5,3
2707,Camila Silva,C04,3.8,3
341,Ana Rojas,C03,5.0,16
2899,Carlos Rincon,C04,3.2,17
1749,Tomas Mendoza,C04,4.1,13
1726,Miguel Silva,C02,4.6,9
1716,Laura Martinez,C02,4.5,15
98,Laura Herrera,C03,4.4,4
1509,Mariana Silva,C02,4.5,16
4673,Valeria Rincon,C05,3.6,18
2930,Andres Castro,C05,4.6,12
4377,Nicolas Silva,C05,3.7,3
4325,Valeria Duran,C02,4.6,2
2434,Camila Beltran,C02,3.4,12
2507,Tomas Rojas,C03,4.1,9
3518,Juan Beltran,C05,4.9,9
777,Juan Ospina,C03,3.9,5
1869,Juan Castro,C04,2.9,10
4726,Tomas Gomez,C03,5.0,4
2908,Nicolas Beltran,C03,4.8,0
3179,Carlos Ospina,C03,3.8,20
3874,Isabella Rojas,C01,3.2,1
3522,Mariana Gomez,C01,1.7,3
2571,Sofia Cabrera,C05,4.1,1
4088,Mateo Silva,C04,3.4,18
2378,Andres Rojas,C01,3.8,4
1960,Miguel Herrera,C03,,14
797,Mateo Rincon,C01,1.6,6
2914,Santiago Beltran,C04,,6
3448,Santiago Salazar,C01,2.7,10
1155,Diego Nieto,C05,4.6,18
3743,Carlos Silva,C02,2.0,5
3181,Paula Rincon,C04,4.4,11
3058,Sara Silva,C02,3.1,17
1891,Paula Pardo,C02,2.4,4
1784,Valeria Castro,C01,3.1,10
1005,Carlos Rincon,C02,4.4,16
1765,Valeria Pardo,C03,4.2,13
3202,Sebastian Pardo,C02,2.1,10
4508,Daniela Rojas,C01,3.3,20
4817,Ana Martinez,C02,3.6,17
3436,Isabella Gomez,C02,4.4,0
915,Tomas Silva,C01,3.3,7
331,Daniela Silva,C03,3.7,15
2584,Alejandra Salazar,C02,4.4,4
3796,Santiago Herrera,C05,4.9,15
3191,Diego Cabrera,C04,4.3,2
2463,Sebastian Castro,C05,3.2,12
4406,Laura Martinez,C01,3.0,14
3864,Nicolas Gomez,C03,4.2,12
1333,Felipe Pardo,C03,3.6,18
3983,Sofia Nieto,C04,3.3,19
1513,Andres Herrera,C01,2.1,6
2202,Camila Mendoza,C05,3.8,20
4313,Ana Duran,C03,3.4,4
2061,Nicolas Rojas,C03,4.8,19
2500,Luis Silva,C04,,14
3524,Miguel Nieto,C03,3.6,3
3145,Diego Mendoza,C05,4.1,14
4428,Mateo Gomez,C01,1.0,12
1285,Santiago Castro,C03,5.0,8
1700,Valeria Cabrera,C04,3.5,20
1888,Isabella Silva,C04,,5
2223,Camila Ospina,C02,3.3,0
2215,Ana Vargas,C03,4.3,17
151,Felipe Rojas,C05,3.7,10
4564,Miguel Cabrera,C01,3.9,19
1614,Isabella Herrera,C04,2.8,15
1972,Andres Pardo,C03,5.0,6
1,Luis Martinez,C03,5.0,3
895,Nicolas Cabrera,C01,3.9,14
3184,Andres Martinez,C04,3.8,20
2259,Paula Gomez,C03,4.6,6
318,Miguel Nieto,C04,3.5,14
2832,Sara Beltran,C03,4.8,17
4624,Paula Vargas,C02,3.3,0
4621,Laura Cabrera,C01,3.3,11
1914,Santiago Duran,C04,3.2,11
3274,Juan Pardo,C04,2.3,13
4495,Felipe Silva,C03,5.0,14
2519,Felipe Duran,C03,4.6,13
3692,Camila Martinez,C01,1.6,9
365,Diego Castro,C04,4.1,11
1519,Laura Martinez,C02,3.4,15
2126,Mateo Beltran,C02,2.7,18
3738,Gabriela Cabrera,C01,3.1,12
4787,Sebastian Silva,C05,3.8,12
2146,Isabella Martinez,C02,2.3,20
15,Laura Beltran,C04,3.7,2
815,Sebastian Beltran,C01,2.8,10
1556,Sara Silva,C01,3.3,8
2725,Mateo Herrera,C02,3.6,11
3092,Daniela Pardo,C05,3.9,5
2516,Sebastian Gomez,C05,4.5,2
2538,Santiago Salazar,C02,,8
2777,Mariana Duran,C02,4.2,1
4765,Miguel Gomez,C01,3.6,2
2876,Nicolas Pardo,C01,2.3,20
453,Mateo Castro,C02,3.7,7
1954,Santiago Mendoza,C05,3.8,13
4889,Alejandra Rojas,C01,2.3,16
1453,Paula Rojas,C05,4.2,13
1301,Mateo Duran,C04,2.9,14
3363,Felipe Rincon,C03,1.9,6
2776,Santiago Martinez,C02,4.7,17
3020,Sofia Salazar,C02,4.6,15
237,Luis Salazar,C01,1.9,19
223,Sara Ospina,C05,3.5,6
3604,Santiago Salazar,C03,5.0,10
3720,Alejandra Duran,C02,3.9,10
2864,Laura Duran,C02,3.8,10
3629,Luis Pardo,C01,2.2,12
2234,Mateo Nieto,C03,4.4,14
4862,Ana Duran,C05,4.7,0
4670,Andres Salazar,C03,3.9,19
1872,Mateo Cabrera,C01,2.5,16
4848,Diego Martinez,C02,3.3,19
3861,Diego Beltran,C05,5.0,3
272,Mateo Nieto,C02,3.9,16
4672,Sebastian Gomez,C03,3.8,12
2492,Alejandra Gomez,C01,3.1,8
4206,Diego Nieto,C03,3.3,2
2299,Felipe Silva,C04,2.7,12
1205,Alejandra Salazar,C02,4.4,4
3218,Santiago Duran,C04,3.6,9
1401,Santiago Mendoza,C03,4.0,13
780,Juan Mendoza,C04,1.8,15
2962,Nicolas Rincon,C05,3.3,15
2100,Santiago Beltran,C01,2.1,12
1658,Daniela Gomez,C03,4.0,6
398,Diego Silva,C05,3.3,11
418,Juan Rojas,C01,2.9,0
3164,Santiago Rojas,C05,4.1,12
1422,Nicolas Martinez,C02,4.1,9
1581,Luis Vargas,C01,3.1,10
1905,Andres Rincon,C04,3.4,20
2668,Diego Rojas,C02,3.9,13
1545,Valeria Martinez,C02,,18
2291,Nicolas Vargas,C05,4.3,16
1862,Juan Martinez,C05,3.6,3
1326,Sofia Cabrera,C04,3.0,11
4163,Diego Rincon,C02,3.0,20
2436,Nicolas Pardo,C03,5.0,19
4367,Santiago Martinez,C02,4.1,8
354,Mariana Vargas,C01,3.4,9
3082,Gabriela Duran,C03,5.0,19
1052,Sofia Rincon,C04,2.4,5
1274,Tomas Duran,C02,4.4,2
4308,Diego Pardo,C01,3.8,3
1601,Nicolas Duran,C02,4.3,9
3575,Isabella Mendoza,C04,2.9,18
1063,Andres Beltran,C02,3.4,6
3821,Isabella Gomez,C01,2.7,3
1039,Sebastian Vargas,C02,3.5,14
2550,Miguel Beltran,C03,3.3,17
2340,Valeria Herrera,C05,4.3,7
3468,Tomas Rojas,C01,2.6,7
2188,Juan Herrera,C01,2.5,10
846,Paula Gomez,C02,3.9,3
4009,Daniela Salazar,C04,2.7,10
3070,Sebastian Cabrera,C03,4.8,15
3042,Miguel Castro,C04,2.8,9
1468,Miguel Salazar,C05,4.0,5
1331,Felipe Duran,C03,4.0,16
1979,Laura Duran,C01,3.0,12
3503,Daniela Rincon,C02,3.1,4
1329,Mateo Nieto,C03,5.0,9
2389,Santiago Castro,C03,4.2,10
2985,Camila Cabrera,C03,4.3,10
3613,Luis Rincon,C04,3.0,5
4668,Isabella Duran,C03,,15
1421,Luis Mendoza,C05,3.1,1
1932,Diego Vargas,C04,4.0,4
3163,Alejandra Gomez,C02,2.8,16
3234,Santiago Ospina,C05,3.5,18
910,Laura Salazar,C04,4.5,0
2035,Carlos Duran,C04,3.5,12
4339,Juan Cabrera,C05,5.0,9
3879,Carlos Ospina,C01,2.1,3
3075,Daniela Nieto,C03,4.3,18
3293,Luis Martinez,C05,4.7,3
3930,Andres Beltran,C05,3.9,7
4290,Laura Herrera,C04,4.0,18
1651,Isabella Mendoza,C01,,3
60,Alejandra Salazar,C02,4.0,4
886,Carlos Salazar,C05,3.7,1
1218,Valeria Castro,C05,4.1,9
1369,Juan Gomez,C05,4.6,19
2344,Nicolas Mendoza,C02,3.7,10
1873,Sebastian Pardo,C03,3.7,1
2598,Paula Salazar,C02,4.2,15
1876,Valeria Gomez,C04,3.4,8
1030,Carlos Ospina,C02,3.5,14
3470,Isabella Rincon,C04,1.9,8
4571,Gabriela Silva,C01,2.0,11
4861,Carlos Salazar,C03,4.3,18
3341,Sofia Cabrera,C01,3.3,3
1902,Alejandra Salazar,C03,3.7,5
2241,Felipe Pardo,C01,3.0,6
2394,Luis Cabrera,C01,4.0,14
3577,Ana Silva,C04,2.7,8
4998,Sara Silva,C01,3.3,6
545,Juan Silva,C05,3.0,7
2437,Luis Rincon,C02,3.3,18
1090,Valeria Nieto,C02,3.1,9
1808,Sebastian Martinez,C01,3.7,1
916,Luis Cabrera,C02,4.0,3
3343,Felipe Duran,C05,4.8,2
4586,Sara Rincon,C04,3.4,15
730,Nicolas Rincon,C05,3.5,20
4878,Diego Ospina,C05,3.5,10
1192,Mariana Mendoza,C01,2.1,6
37,Laura Beltran,C03,4.0,19
4259,Sofia Rojas,C05,4.0,9
2613,Mateo Nieto,C04,3.3,20
2081,Alejandra Silva,C05,4.6,7
3322,Camila Pardo,C04,2.6,14
3854,Valeria Rincon,C01,3.4,2
2918,Sara Salazar,C02,3.6,3
4291,Valeria Mendoza,C02,3.8,9
897,Camila Mendoza,C04,3.5,13
3407,Mateo Rincon,C05,3.7,17
4422,Gabriela Castro,C02,4.2,0
4034,Carlos Rojas,C02,4.1,7
486,Daniela Herrera,C02,,18
2686,Sara Ospina,C03,,17
4700,Sara Nieto,C01,2.1,5
67,Sebastian Ospina,C03,4.3,17
2390,Diego Nieto,C01,2.3,19
4343,Gabriela Castro,C05,4.1,16
2253,Andres Pardo,C05,3.6,15
502,Mateo Pardo,C04,3.5,13
754,Juan Gomez,C03,5.0,3
2054,Laura Nieto,C01,3.4,14
4074,Ana Salazar,C04,3.8,3
1354,Alejandra Castro,C04,3.3,14
4115,Juan Castro,C04,4.3,6
270,Mariana Rojas,C03,4.3,12
2964,Gabriela Beltran,C02,4.5,8
2071,Gabriela Ospina,C01,2.9,9
3638,Mateo Herrera,C04,3.4,9
4241,Gabriela Gomez,C03,4.2,12
3480,Santiago Rojas,C01,2.9,6
1930,Carlos Duran,C01,2.8,9
91,Sebastian Mendoza,C05,4.6,1
1289,Sofia Cabrera,C02,2.5,15
694,Felipe Cabrera,C01,4.2,3
1789,Isabella Cabrera,C05,,15
281,Ana Gomez,C05,4.5,2
2240,Miguel Salazar,C05,4.0,9
4920,Valeria Duran,C04,3.9,12
2483,Paula Silva,C02,4.0,1
2882,Luis Rojas,C04,2.7,3
2874,Diego Duran,C04,3.2,4
1241,Laura Duran,C04,3.7,17
3677,Mateo Salazar,C02,3.3,11
3798,Isabella Castro,C02,3.8,16
3663,Carlos Cabrera,C05,3.6,17
4075,Carlos Castro,C02,3.2,10
4820,Sebastian Ospina,C01,3.5,15
3797,Gabriela Vargas,C05,3.7,0
4701,Carlos Gomez,C05,2.8,19
1970,Ana Ospina,C03,4.6,14
1041,Tomas Rojas,C02,,7
1923,Valeria Gomez,C03,4.4,17
1577,Tomas Ospina,C05,3.1,0
1688,Mariana Rincon,C03,4.4,16
4420,Luis Vargas,C01,3.1,18
132,Ana Gomez,C05,4.3,14
1713,Sofia Herrera,C03,3.6,18
4235,Gabriela Rincon,C03,3.9,6
3800,Laura Pardo,C03,,17
4771,Diego Pardo,C05,4.2,12
3120,Diego Mendoza,C01,,2
1831,Santiago Silva,C04,3.7,5
1952,Miguel Pardo,C05,3.3,13
1622,Laura Gomez,C03,5.0,6
621,Paula Cabrera,C02,3.5,1
2431,Carlos Nieto,C02,3.2,14
1372,Ana Martinez,C03,4.8,2
4157,Laura Nieto,C05,4.1,9
3560,Valeria Nieto,C01,4.4,3
2567,Isabella Pardo,C03,3.4,8
1471,Sebastian Martinez,C05,4.4,5
4251,Gabriela Pardo,C01,3.2,15
3136,Camila Silva,C02,4.1,18
2774,Santiago Mendoza,C04,4.1,5
2741,Paula Gomez,C01,3.4,14
27,Felipe Rojas,C02,3.5,18
1259,Tomas Duran,C02,3.5,16
2504,Paula Gomez,C03,5.0,8
1635,Juan Silva,C02,4.6,20
469,Laura Herrera,C03,4.1,9
1036,Laura Herrera,C05,5.0,19
1540,Sofia Cabrera,C05,3.8,9
4605,Sara Martinez,C02,3.9,7
4268,Daniela Beltran,C05,4.4,3
1143,Diego Silva,C04,3.1,18
1819,Sofia Ospina,C03,4.5,16
2231,Mariana Nieto,C02,3.3,9
2222,Laura Salazar,C04,2.7,17
1937,Laura Cabrera,C03,4.5,13
4894,Alejandra Castro,C05,4.9,1
200,Sara Mendoza,C05,3.6,1
1436,Valeria Mendoza,C01,2.9,6
1934,Felipe Rincon,C05,3.3,4
1703,Diego Ospina,C01,4.0,7
149,Mariana Nieto,C04,4.1,1
111,Luis Herrera,C03,4.6,4
2272,Diego Nieto,C01,3.2,18
993,Santiago Silva,C04,3.6,0
3990,Miguel Nieto,C03,4.3,17
4933,Ana Cabrera,C01,2.5,7
4654,Laura Vargas,C03,4.8,6
218,Mariana Cabrera,C05,3.3,5
2938,Daniela Duran,C01,2.9,13
489,Tomas Duran,C05,5.0,9
4,Carlos Mendoza,C05,4.4,18
4064,Santiago Cabrera,C03,5.0,13
3186,Valeria Rojas,C04,1.5,17
107,Santiago Salazar,C04,2.5,3
4232,Santiago Gomez,C05,3.2,6
1189,Sara Gomez,C02,4.0,0
1927,Miguel Rincon,C04,3.6,7
3979,Felipe Nieto,C01,2.8,5
4539,Camila Martinez,C01,2.6,12
152,Mateo Gomez,C03,4.8,19
2722,Tomas Rincon,C01,1.8,7
589,Felipe Salazar,C03,3.3,12
4907,Laura Duran,C01,3.7,9
4418,Luis Duran,C02,2.6,14
3150,Mateo Vargas,C02,4.3,17
3453,Santiago Ospina,C02,2.8,14
4626,Sofia Castro,C04,3.2,15
2607,Juan Gomez,C04,,8
3957,Alejandra Cabrera,C03,2.9,12
1730,Daniela Salazar,C02,4.3,6
4617,Camila Mendoza,C02,4.2,2
3678,Nicolas Cabrera,C02,3.7,6
3495,Sebastian Duran,C02,3.6,10
4186,Daniela Salazar,C05,3.7,4
1738,Sebastian Beltran,C04,3.0,6
2716,Isabella Silva,C04,3.3,14
1776,Tomas Rojas,C05,5.0,7
1194,Carlos Mendoza,C04,4.1,16
139,Mateo Pardo,C02,3.9,15
4303,Valeria Vargas,C04,3.9,14
4454,Miguel Beltran,C02,4.9,0
1199,Paula Cabrera,C02,3.9,1
4259,Sofia Rojas,C05,4.0,9
1478,Tomas Silva,C05,4.5,10
3125,Santiago Beltran,C04,3.4,14
4767,Luis Gomez,C05,5.0,2
1772,Laura Nieto,C03,5.0,6
4403,Alejandra Cabrera,C04,2.9,9
4427,Felipe Rincon,C05,4.5,2
1632,Valeria Rojas,C02,2.0,8
786,Sofia Mendoza,C01,3.2,6
4739,Sofia Rincon,C05,4.4,13
1917,Sebastian Mendoza,C05,2.9,7
1447,Alejandra Gomez,C01,2.1,2
2459,Luis Gomez,C02,4.3,20
3622,Santiago Pardo,C04,,4
2868,Gabriela Silva,C03,3.7,10
839,Carlos Rincon,C01,3.2,8
1800,Nicolas Salazar,C05,5.0,10
2771,Luis Silva,C04,2.5,7
2280,Laura Silva,C01,3.1,10
689,Andres Duran,C04,2.7,8
3241,Sebastian Herrera,C01,3.6,7
3676,Camila Ospina,C02,5.0,15
1935,Nicolas Cabrera,C02,4.3,1
4430,Alejandra Silva,C03,4.8,3
316,Luis Duran,C05,4.3,18
731,Juan Nieto,C02,4.3,3
2810,Juan Duran,C03,3.8,19
3330,Juan Vargas,C05,2.4,3
391,Mariana Nieto,C04,2.7,11
769,Daniela Cabrera,C02,4.2,5
441,Laura Rincon,C04,2.6,11
3963,Santiago Nieto,C04,3.1,2
551,Mariana Nieto,C01,2.8,11
3128,Luis Ospina,C03,4.5,7
640,Isabella Rincon,C01,3.2,18
1256,Santiago Herrera,C02,4.3,20
4133,Sebastian Ospina,C01,2.8,20
3111,Mateo Castro,C01,2.8,5
3998,Sebastian Martinez,C04,4.3,16
2213,Diego Rojas,C04,3.4,14
4585,Sofia Vargas,C05,3.9,4
3551,Gabriela Silva,C04,3.9,8
2255,Felipe Silva,C02,4.5,3
996,Alejandra Ospina,C04,2.9,14
1588,Sebastian Gomez,C03,3.9,0
2745,Laura Castro,C02,4.8,6
4699,Camila Castro,C01,2.7,3
2748,Santiago Duran,C05,3.3,10
4057,Alejandra Duran,C03,5.0,2
1526,Valeria Beltran,C05,3.3,3
4312,Andres Beltran,C03,4.6,3
3727,Felipe Cabrera,C01,3.2,20
1856,Tomas Nieto,C01,2.2,17
2650,Ana Herrera,C04,3.1,8
2796,Felipe Nieto,C01,2.9,2
2782,Diego Nieto,C04,2.5,1
1125,Sara Vargas,C02,5.0,3
2149,Sofia Mendoza,C05,3.5,0
2802,Sofia Vargas,C04,3.4,5
2207,Gabriela Duran,C03,4.6,11
3863,Isabella Martinez,C01,2.1,18
3886,Isabella Rincon,C02,4.8,20
1753,Mariana Castro,C05,3.5,11
2317,Miguel Rincon,C04,3.9,5
4644,Juan Herrera,C03,4.7,20
1859,Mariana Martinez,C03,,13
4982,Valeria Ospina,C04,,18
4314,Luis Castro,C04,3.8,0
4910,Laura Mendoza,C02,4.8,17
3906,Tomas Duran,C02,3.7,3
4584,Miguel Gomez,C01,3.5,18
3301,Alejandra Gomez,C01,2.7,16
692,Paula Gomez,C03,5.0,18
1921,Sofia Herrera,C02,4.1,11
2811,Isabella Salazar,C02,2.9,8
4988,Camila Beltran,C05,5.0,18
433,Nicolas Salazar,C01,3.5,17
1737,Santiago Beltran,C04,3.4,18
1806,Carlos Silva,C04,3.1,11
443,Sara Martinez,C02,4.0,8
4100,Ana Nieto,C05,4.6,5
676,Daniela Rincon,C05,4.0,16
1774,Miguel Rojas,C05,3.4,20
194,Tomas Duran,C01,3.3,16
4723,Paula Beltran,C05,4.6,18
662,Ana Pardo,C05,2.7,15
3076,Mariana Ospina,C05,4.5,9
3895,Sebastian Castro,C04,3.0,0
1452,Daniela Salazar,C05,3.8,1
3683,Mateo Ospina,C02,3.0,4
2703,Sara Duran,C04,3.9,6
821,Felipe Cabrera,C01,1.4,15
2086,Tomas Cabrera,C05,4.9,1
1428,Luis Castro,C02,4.5,6
1087,Sara Pardo,C05,5.0,11
1628,Valeria Martinez,C03,3.8,4
446,Nicolas Salazar,C01,1.8,9
783,Sofia Nieto,C01,1.8,15
262,Mariana Pardo,C03,3.5,7
4612,Mariana Rincon,C02,4.7,10
3547,Tomas Gomez,C05,3.9,5
3531,Diego Rincon,C04,2.4,4
3528,Sofia Salazar,C02,4.1,10
1307,Santiago Ospina,C01,3.6,4
3434,Daniela Rincon,C05,4.2,3
1071,Andres Vargas,C04,3.1,18
2939,Luis Rincon,C05,3.1,13
2077,Valeria Rincon,C01,2.2,2
3,Diego Martinez,C01,3.5,1
1079,Ana Herrera,C01,2.9,7
2152,Luis Pardo,C04,3.6,3
2129,Isabella Ospina,C05,4.3,1
1611,Camila Rincon,C05,,16
3596,Juan Duran,C01,3.5,18
201,Laura Duran,C02,4.0,5
1838,Felipe Nieto,C04,4.3,14
1828,Tomas Rojas,C02,4.2,4
3230,Daniela Beltran,C04,3.2,19
2681,Gabriela Duran,C05,,5
1649,Tomas Gomez,C05,4.3,1
3189,Paula Duran,C01,2.3,12
1507,Valeria Vargas,C03,3.7,16
3216,Santiago Nieto,C05,4.0,15
1178,Mariana Rincon,C04,3.0,12
12,Sara Cabrera,C01,2.9,10
805,Laura Mendoza,C05,3.3,8
2419,Ana Gomez,C01,2.0,2
2658,Miguel Rojas,C01,2.8,11
2765,Felipe Cabrera,C01,4.0,2
1236,Camila Salazar,C04,,15
2667,Sara Mendoza,C04,3.7,2
2293,Diego Beltran,C05,3.9,11
1542,Valeria Duran,C01,2.3,0
4097,Gabriela Mendoza,C04,3.5,3
4045,Andres Pardo,C01,2.4,13
699,Sebastian Mendoza,C01,1.5,12
2363,Daniela Herrera,C01,2.7,15
1903,Tomas Mendoza,C04,4.1,8
3028,Gabriela Herrera,C03,3.5,9
3050,Sofia Beltran,C02,3.1,8
2312,Felipe Martinez,C02,4.8,16
1400,Camila Nieto,C01,1.8,6
2284,Isabella Herrera,C02,4.1,1
4359,Sofia Mendoza,C03,5.0,7
1563,Miguel Castro,C05,,20
582,Diego Silva,C05,3.6,16
2405,Carlos Rincon,C05,3.4,11
1282,Andres Duran,C03,2.7,12
139,Mateo Pardo,C02,3.9,15
3211,Felipe Duran,C01,2.7,19
2094,Gabriela Silva,C02,4.0,18
4429,Miguel Beltran,C05,3.9,12
1553,Miguel Cabrera,C04,4.1,11
2744,Juan Vargas,C04,2.9,6
2449,Alejandra Beltran,C03,4.6,11
1171,Gabriela Rincon,C04,2.9,8
4043,Santiago Pardo,C05,2.4,9
2838,Gabriela Rincon,C03,3.6,6
3651,Valeria Mendoza,C01,2.7,19
641,Camila Herrera,C05,4.5,6
3243,Sofia Ospina,C01,2.0,11
2173,Ana Duran,C05,4.2,18
4779,Gabriela Rincon,C05,4.1,5
3723,Sara Salazar,C03,4.2,3
695,Tomas Pardo,C03,4.5,12
1652,Sebastian Vargas,C02,3.8,2
4148,Nicolas Herrera,C05,,1
2750,Alejandra Vargas,C02,4.1,11
3308,Alejandra Nieto,C03,4.9,17
4959,Sara Beltran,C03,3.5,12
739,Nicolas Cabrera,C02,3.8,4
3685,Nicolas Silva,C02,2.9,3
2761,Andres Vargas,C04,,0
749,Isabella Vargas,C02,,2
867,Mariana Mendoza,C01,3.5,20
2064,Isabella Gomez,C03,4.3,4
1739,Ana Pardo,C04,2.8,11
1425,Sofia Cabrera,C05,4.4,8
2575,Isabella Castro,C02,4.5,9
145,Carlos Gomez,C03,5.0,2
4775,Luis Beltran,C01,3.5,17
4716,Andres Rincon,C03,3.0,10
3968,Ana Martinez,C05,3.0,13
4058,Santiago Beltran,C01,2.8,11
485,Isabella Martinez,C01,2.2,5
736,Sofia Mendoza,C04,2.7,7
3813,Santiago Duran,C02,4.1,20
3516,Andres Nieto,C04,3.7,2
4449,Miguel Pardo,C05,3.4,7
3132,Carlos Pardo,C01,,13
991,Laura Vargas,C01,2.1,15
1075,Mariana Salazar,C05,4.1,15
1741,Gabriela Vargas,C05,5.0,12
3110,Andres Beltran,C02,3.2,16
1586,Paula Silva,C03,,19
440,Mateo Beltran,C02,4.2,7
206,Mateo Ospina,C01,3.4,18
3903,Alejandra Martinez,C05,3.3,19
4623,Mateo Ospina,C01,3.3,14
1427,Juan Ospina,C04,4.7,15
4494,Miguel Rojas,C05,3.3,6
1680,Nicolas Beltran,C04,3.5,11
6,Santiago Silva,C03,4.0,18
3403,Isabella Mendoza,C01,4.0,11
162,Laura Ospina,C03,4.0,8
1746,Felipe Duran,C05,3.8,6
4386,Luis Salazar,C02,4.4,16
1001,Gabriela Vargas,C05,2.4,6
3543,Nicolas Salazar,C01,2.1,14
224,Sara Gomez,C01,1.9,7
372,Carlos Vargas,C01,2.6,19
2279,Valeria Ospina,C01,2.6,19
3884,Mateo Gomez,C02,2.9,2
1322,Gabriela Gomez,C03,4.0,1
506,Juan Pardo,C05,4.5,10
3140,Tomas Silva,C04,4.1,7
704,Carlos Salazar,C03,3.6,2
4049,Sara Martinez,C01,1.9,0
1530,Camila Rojas,C03,4.7,20
1811,Juan Martinez,C05,3.2,14
4805,Alejandra Silva,C01,2.3,1
1053,Felipe Gomez,C02,3.4,11
2416,Andres Vargas,C02,2.7,2
4633,Sebastian Mendoza,C03,4.3,18
926,Paula Gomez,C01,3.3,0
2557,Juan Rojas,C04,4.5,5
1250,Daniela Silva,C01,3.3,15
2242,Andres Martinez,C02,3.9,2
165,Carlos Rincon,C05,3.0,3
2464,Mateo Rojas,C02,4.7,6
4440,Santiago Herrera,C03,4.8,6
3024,Miguel Salazar,C01,2.6,14
4237,Tomas Gomez,C02,2.4,7
124,Sebastian Vargas,C02,4.2,7
193,Sara Rojas,C03,4.9,4
4760,Andres Cabrera,C04,5.0,4
2682,Juan Rincon,C04,3.0,20
3802,Andres Duran,C02,3.8,16
4136,Sebastian Martinez,C03,4.1,13
2015,Isabella Nieto,C03,3.7,13
3252,Ana Rincon,C03,4.6,10
1191,Santiago Vargas,C04,3.4,2
3834,Gabriela Silva,C01,2.0,19
1225,Laura Martinez,C03,4.6,14
4010,Gabriela Castro,C05,3.9,0
3767,Luis Castro,C02,4.2,17
3352,Juan Salazar,C05,4.4,4
848,Sebastian Martinez,C01,1.5,13
4233,Sofia Vargas,C01,3.2,4
4208,Sebastian Mendoza,C04,1.2,3
4885,Gabriela Beltran,C04,2.7,18
3567,Tomas Gomez,C05,3.9,9
2904,Andres Nieto,C01,1.7,1
3984,Alejandra Martinez,C04,3.0,13
491,Mariana Gomez,C02,3.6,7
2341,Andres Salazar,C03,4.3,16
265,Carlos Rojas,C01,2.3,6
3014,Mariana Gomez,C01,3.6,5
3039,Sebastian Vargas,C02,2.6,19
714,Sofia Beltran,C03,4.9,13
2219,Tomas Vargas,C05,4.9,6
4479,Laura Mendoza,C01,4.0,10
1487,Sofia Salazar,C01,2.9,7
799,Juan Beltran,C04,3.8,15
633,Paula Beltran,C03,4.9,11
3981,Felipe Duran,C02,3.4,12
4344,Camila Nieto,C04,3.5,18
110,Daniela Martinez,C04,3.2,13
2875,Isabella Castro,C01,3.1,14
2442,Diego Castro,C02,4.1,11
2764,Sebastian Salazar,C02,3.3,20
1759,Felipe Castro,C04,3.3,18
3929,Nicolas Nieto,C01,3.0,15
357,Valeria Gomez,C01,3.9,16
432,Andres Castro,C01,3.3,5
2609,Alejandra Mendoza,C05,,0
4797,Sara Salazar,C04,3.5,20
1502,Paula Castro,C05,3.6,2
472,Tomas Duran,C01,3.2,18
3530,Mariana Mendoza,C04,3.1,2
3587,Mateo Cabrera,C04,2.9,14
2141,Daniela Cabrera,C03,4.2,3
2364,Carlos Duran,C04,1.9,13
1887,Sara Rincon,C04,3.4,17
4570,Nicolas Pardo,C05,4.7,0
3002,Mariana Pardo,C04,3.7,7
508,Ana Rincon,C04,4.4,0
1631,Daniela Ospina,C05,3.8,3
3852,Ana Ospina,C01,2.5,10
2733,Gabriela Herrera,C05,4.1,11
679,Tomas Ospina,C05,4.7,7
1449,Nicolas Gomez,C01,3.3,6
1353,Isabella Beltran,C05,4.6,12
4834,Miguel Beltran,C01,2.0,3
3856,Diego Rincon,C01,3.1,12
959,Sebastian Salazar,C04,2.8,20
1229,Luis Vargas,C02,5.0,7
1469,Daniela Pardo,C01,2.4,16
1124,Juan Castro,C05,3.5,5
4340,Paula Rincon,C04,3.0,1
950,Sofia Nieto,C03,3.9,14
792,Laura Castro,C04,4.6,20
1565,Luis Castro,C02,4.8,8
1181,Carlos Vargas,C03,3.8,14
2291,Nicolas Vargas,C05,4.3,16
1932,Diego Vargas,C04,4.0,4
3158,Camila Rojas,C02,1.3,19
257,Camila Nieto,C01,2.7,0
1467,Camila Martinez,C04,4.1,16
3119,Daniela Mendoza,C05,3.3,16
3749,Gabriela Mendoza,C01,2.8,4
3653,Isabella Mendoza,C05,4.4,18
1323,Daniela Duran,C01,2.6,20
3242,Nicolas Martinez,C05,3.2,14
1848,Tomas Duran,C02,4.4,10
3703,Carlos Salazar,C01,2.5,9
4748,Miguel Duran,C02,4.1,13
3285,Laura Gomez,C05,4.8,10
3593,Sofia Ospina,C02,4.8,9
2454,Daniela Gomez,C02,3.2,14
512,Sofia Castro,C01,3.0,20
2289,Sara Cabrera,C05,4.2,5
1597,Mateo Salazar,C05,5.0,11
65,Carlos Mendoza,C05,3.5,3
3851,Diego Rincon,C03,3.2,4
980,Mateo Martinez,C04,3.9,14
2864,Laura Duran,C02,3.8,10
3955,Carlos Cabrera,C03,4.9,9
2185,Mariana Nieto,C04,3.2,4
101,Mateo Martinez,C01,3.8,0
4132,Camila Rincon,C04,3.7,16
4392,Valeria Beltran,C01,5.0,15
76,Camila Beltran,C05,5.0,14
3607,Juan Pardo,C04,3.3,2
3739,Luis Cabrera,C04,4.3,1
4216,Sebastian Duran,C01,4.5,10
73,Andres Vargas,C01,3.4,20
3742,Paula Salazar,C02,2.9,17
3375,Ana Castro,C02,3.0,0
2318,Alejandra Nieto,C01,3.3,1
1237,Carlos Rincon,C04,3.7,7
1226,Mateo Salazar,C04,3.7,1
1787,Isabella Martinez,C02,4.4,2
3215,Laura Vargas,C04,2.7,12
1255,Luis Martinez,C02,4.3,15
723,Miguel Beltran,C01,3.3,10
4107,Mariana Castro,C01,2.9,17
1626,Andres Mendoza,C02,3.0,1
585,Laura Nieto,C04,3.7,11
423,Sara Beltran,C01,3.2,19
379,Isabella Cabrera,C03,4.0,18
1842,Ana Herrera,C02,3.9,8
951,Isabella Rojas,C02,5.0,7
1977,Andres Mendoza,C02,2.7,17
3395,Sofia Martinez,C03,4.8,3
3182,Mariana Martinez,C01,2.7,12
2963,Camila Nieto,C02,4.4,3
3835,Isabella Duran,C01,2.1,18
3642,Valeria Martinez,C03,3.2,17
1110,Gabriela Cabrera,C02,,14
476,Tomas Gomez,C02,,12
394,Juan Castro,C01,3.0,7
1247,Camila Mendoza,C02,3.3,20
2190,Mateo Cabrera,C03,4.6,12
189,Diego Cabrera,C03,3.9,11
1488,Paula Pardo,C03,5.0,19
3911,Felipe Pardo,C03,4.6,16
1889,Mateo Pardo,C02,4.0,1
2048,Juan Cabrera,C04,4.3,17
2693,Camila Beltran,C01,3.0,10
4374,Luis Nieto,C05,3.8,4
3982,Mariana Rincon,C02,4.8,9
4856,Mariana Vargas,C02,4.8,3
4299,Mariana Herrera,C03,,18
524,Miguel Salazar,C03,4.2,7
4711,Diego Mendoza,C04,2.6,17
4404,Ana Herrera,C03,4.2,17
1119,Camila Nieto,C05,3.9,13
2273,Felipe Castro,C03,3.1,14
2380,Valeria Rojas,C03,4.8,4
3258,Mateo Herrera,C04,2.6,8
576,Sebastian Rincon,C03,4.8,10
4169,Ana Gomez,C01,3.2,13
4182,Isabella Vargas,C03,3.7,6
202,Carlos Rojas,C03,4.7,11
422,Carlos Silva,C05,3.4,16
4166,Camila Ospina,C01,3.3,8
2834,Andres Mendoza,C02,3.7,11
4939,Nicolas Silva,C03,4.6,2
4459,Mariana Silva,C04,3.5,15
2030,Paula Rincon,C03,5.0,18
4033,Daniela Duran,C03,4.3,6
2295,Diego Salazar,C04,2.7,20
481,Mateo Martinez,C04,2.4,7
3773,Andres Mendoza,C05,3.2,20
2736,Laura Silva,C04,4.0,10
1263,Valeria Cabrera,C05,3.2,9
3472,Isabella Nieto,C01,2.9,5
4175,Alejandra Silva,C02,3.7,6
3872,Sebastian Nieto,C01,3.6,18
3615,Diego Rojas,C04,2.7,2
3264,Alejandra Rojas,C02,3.1,1
1463,Gabriela Pardo,C02,4.0,16
2439,Mariana Cabrera,C05,3.7,5
1258,Camila Duran,C05,4.8,3
2320,Paula Salazar,C05,4.3,6
2489,Gabriela Pardo,C01,2.1,17
4937,Diego Rincon,C05,4.3,8
3733,Paula Cabrera,C03,4.1,10
4474,Felipe Ospina,C01,3.8,0
3605,Sara Mendoza,C02,3.6,14
3889,Miguel Rincon,C01,3.2,13
2913,Sara Nieto,C03,5.0,17
2042,Sebastian Rincon,C04,3.5,12
3690,Valeria Gomez,C04,3.4,13
4754,Isabella Nieto,C05,4.7,20
4934,Laura Vargas,C02,4.3,2
4281,Diego Castro,C02,3.5,10
1009,Diego Cabrera,C03,4.3,8
3357,Juan Salazar,C05,5.0,7
593,Santiago Herrera,C04,3.7,11
424,Luis Gomez,C04,3.5,18
4489,Camila Nieto,C05,4.2,17
4021,Andres Herrera,C02,4.1,6
4189,Isabella Beltran,C04,3.9,2
4801,Andres Rincon,C04,,14
3669,Felipe Mendoza,C02,2.7,3
4870,Valeria Duran,C04,3.1,0
1319,Sebastian Rincon,C01,2.0,19
2754,Camila Silva,C05,4.9,0
3405,Miguel Beltran,C05,3.6,18
390,Tomas Martinez,C02,4.1,9
1832,Ana Rojas,C03,4.6,19
3447,Alejandra Pardo,C01,3.0,11
3756,Mariana Beltran,C04,3.0,1
187,Camila Rojas,C02,3.8,1
2220,Gabriela Salazar,C02,3.4,9
131,Gabriela Vargas,C01,3.4,7
2676,Valeria Duran,C03,4.0,16
3688,Laura Martinez,C02,3.2,14
614,Laura Mendoza,C01,2.8,9
4883,Isabella Martinez,C02,3.7,16
75,Laura Rojas,C02,,16
26,Miguel Nieto,C01,2.0,2
3706,Juan Rojas,C04,3.5,0
4733,Miguel Martinez,C04,3.8,7
4007,Mateo Pardo,C02,4.3,9
119,Miguel Mendoza,C02,4.5,10
2270,Mariana Rojas,C01,2.4,18
2721,Nicolas Salazar,C02,2.4,0
277,Santiago Castro,C03,4.0,8
3069,Valeria Martinez,C05,,9
4991,Santiago Herrera,C02,4.9,18
77,Sebastian Beltran,C01,2.3,12
2709,Diego Martinez,C02,3.1,19
1496,Diego Martinez,C05,4.0,20
2958,Ana Silva,C01,2.0,8
4639,Tomas Castro,C03,3.4,15
3238,Carlos Salazar,C05,3.1,8
4681,Daniela Nieto,C01,3.2,7
1227,Laura Castro,C03,3.4,10
3965,Luis Rojas,C01,,6
1593,Paula Silva,C01,3.1,4
729,Gabriela Martinez,C04,3.5,10
545,Juan Silva,C05,3.0,7
1551,Andres Vargas,C02,2.4,16
3662,Sara Vargas,C01,2.9,20
3590,Sebastian Mendoza,C03,4.3,18
2683,Luis Cabrera,C05,2.5,15
4879,Ana Nieto,C01,3.1,11
526,Mateo Castro,C05,4.4,4
4948,Diego Pardo,C01,2.6,16
3599,Andres Castro,C01,,4
2590,Luis Duran,C03,5.0,6
3667,Andres Vargas,C03,4.4,10
801,Miguel Vargas,C05,4.4,14
3220,Gabriela Duran,C02,3.5,5
2227,Diego Herrera,C04,3.2,0
2172,Carlos Castro,C01,2.7,0
1122,Sofia Mendoza,C01,2.9,2
3223,Camila Mendoza,C01,2.2,5
984,Sara Rojas,C03,4.2,3
1659,Camila Castro,C02,3.7,3
4956,Mariana Herrera,C05,4.0,19
908,Nicolas Nieto,C05,3.4,9
1643,Sofia Ospina,C05,3.7,19
4535,Camila Duran,C04,3.5,8
1709,Daniela Herrera,C05,3.1,0
213,Daniela Ospina,C02,4.6,1
3402,Paula Salazar,C02,2.9,1
2996,Felipe Cabrera,C05,2.9,17
3006,Luis Martinez,C03,3.7,5
916,Luis Cabrera,C02,4.0,3
1855,Paula Rincon,C03,3.9,7
4019,Juan Cabrera,C04,3.9,17
4334,Miguel Rincon,C05,4.3,8
2999,Paula Salazar,C01,3.5,1
1953,Juan Gomez,C05,2.3,19
3699,Sara Salazar,C04,4.8,19
276,Miguel Salazar,C02,2.7,7
3967,Miguel Duran,C01,3.6,2
3298,Juan Mendoza,C04,2.9,17
2023,Gabriela Gomez,C01,3.0,12
1689,Sebastian Gomez,C02,3.2,15
3113,Juan Herrera,C03,3.2,8
3926,Paula Salazar,C02,3.6,4
232,Gabriela Salazar,C01,3.0,17
3396,Carlos Mendoza,C02,4.3,5
1704,Miguel Gomez,C05,5.0,15
1821,Miguel Silva,C01,2.0,1
4055,Andres Nieto,C04,4.4,1
1974,Ana Castro,C05,4.9,0
1257,Paula Beltran,C02,4.5,11
2793,Valeria Vargas,C04,3.7,11
1168,Valeria Herrera,C02,3.6,0
2314,Mariana Silva,C02,4.6,1
1399,Sofia Pardo,C05,5.0,11
4597,Diego Beltran,C04,3.1,4
2731,Santiago Castro,C01,2.7,9
7,Carlos Vargas,C03,3.3,17
3994,Felipe Vargas,C03,4.9,2
2849,Daniela Rojas,C02,3.8,18
3129,Luis Castro,C05,3.9,10
2762,Santiago Castro,C04,3.3,13
3510,Alejandra Mendoza,C01,2.1,17
1625,Felipe Martinez,C04,2.6,7
88,Sebastian Nieto,C02,4.2,15
2033,Daniela Ospina,C02,4.9,10
1341,Gabriela Rojas,C03,4.3,16
4463,Luis Vargas,C05,,14
190,Sara Rincon,C04,2.9,0
1351,Paula Vargas,C03,4.4,20
972,Nicolas Silva,C03,5.0,4
56,Sara Vargas,C05,4.0,14
2945,Tomas Nieto,C03,5.0,19
2582,Ana Gomez,C05,5.0,10
4562,Juan Cabrera,C05,4.2,6
66,Laura Ospina,C01,,5
2264,Andres Beltran,C02,3.8,20
4517,Tomas Rojas,C04,4.7,1
170,Juan Vargas,C05,,10
4740,Valeria Nieto,C05,3.0,4
3655,Andres Herrera,C01,2.4,19
2628,Mateo Mendoza,C01,,3
575,Luis Rojas,C01,3.7,17
2742,Camila Silva,C02,2.2,16
623,Alejandra Silva,C02,4.7,8
2548,Felipe Rincon,C02,3.2,2
148,Juan Rincon,C02,4.8,11
1623,Daniela Silva,C03,,20
4437,Mateo Salazar,C04,3.3,12
1310,Carlos Duran,C05,3.6,11
814,Santiago Salazar,C02,4.2,8
1012,Isabella Beltran,C03,4.4,5
4249,Santiago Vargas,C04,3.2,10
4610,Camila Cabrera,C01,3.0,15
1100,Juan Silva,C03,3.9,5
4413,Ana Mendoza,C01,3.2,2
4541,Carlos Silva,C02,4.1,5
3855,Sebastian Castro,C02,3.9,1
2128,Carlos Rojas,C03,4.2,20
873,Carlos Duran,C03,4.1,0
4720,Sofia Gomez,C02,4.4,19
1865,Laura Rojas,C02,2.6,11
1437,Isabella Nieto,C04,3.7,5
3377,Juan Nieto,C05,5.0,5
1964,Sofia Gomez,C04,3.7,19
1062,Camila Castro,C04,3.6,12
3738,Gabriela Cabrera,C01,3.1,12
559,Mateo Gomez,C02,3.4,4
2892,Sara Mendoza,C03,4.1,18
3484,Miguel Rojas,C02,3.8,15
4585,Sofia Vargas,C05,3.9,4
3417,Sara Rojas,C03,4.4,5
4084,Daniela Vargas,C01,2.6,8
1807,Tomas Martinez,C02,2.8,17
1792,Santiago Pardo,C01,3.3,9
1101,Diego Pardo,C04,3.7,13
39,Camila Duran,C01,3.0,19
2934,Ana Rincon,C01,3.0,0
2473,Isabella Nieto,C03,5.0,13
3647,Juan Mendoza,C01,4.4,15
4951,Sofia Salazar,C03,4.2,1
1965,Juan Mendoza,C04,3.1,3
645,Mateo Pardo,C04,2.7,18
581,Tomas Salazar,C03,5.0,15
2189,Camila Silva,C01,2.2,5
308,Felipe Silva,C04,2.3,13
1176,Andres Vargas,C02,3.0,0
1757,Santiago Gomez,C04,3.1,13
4248,Daniela Ospina,C05,4.4,11
542,Isabella Mendoza,C05,4.9,8
859,Mateo Rincon,C04,3.5,6
3075,Daniela Nieto,C03,4.3,18
3016,Isabella Silva,C03,4.7,10
665,Alejandra Rincon,C03,4.8,17
3156,Valeria Ospina,C03,4.8,9
4734,Diego Mendoza,C01,2.9,4
2095,Alejandra Martinez,C02,4.5,2
1302,Paula Nieto,C02,3.1,9
1879,Alejandra Gomez,C04,3.0,1
881,Mateo Salazar,C04,3.8,19
1412,Santiago Cabrera,C04,3.6,9
1318,Diego Duran,C01,2.7,15
284,Felipe Martinez,C02,3.2,17
3697,Paula Rincon,C01,2.7,19
625,Valeria Herrera,C04,4.0,17
2895,Tomas Silva,C01,3.1,1
2660,Sara Rincon,C05,4.6,10
2088,Ana Silva,C03,4.4,20
2068,Sebastian Rincon,C05,4.1,17
3048,Alejandra Rincon,C01,3.9,16
2893,Juan Nieto,C05,3.4,20
4725,Luis Vargas,C04,3.9,18
4152,Valeria Beltran,C02,,4
1541,Sara Mendoza,C04,3.1,1
230,Felipe Castro,C01,2.4,4
3000,Sara Silva,C03,5.0,1
2631,Alejandra Salazar,C05,3.5,8
716,Carlos Nieto,C02,3.5,6
2039,Paula Vargas,C01,3.4,7
444,Ana Silva,C04,3.1,12
3654,Nicolas Duran,C01,3.4,6
1290,Isabella Rincon,C05,3.4,9
4231,Isabella Martinez,C04,2.9,8
2991,Miguel Nieto,C01,3.3,14
175,Mateo Herrera,C02,3.4,1
4705,Camila Castro,C04,3.0,4
2798,Camila Gomez,C04,2.4,19
4487,Camila Herrera,C04,,11
3581,Carlos Herrera,C03,4.4,9
408,Ana Rojas,C01,2.7,15
2083,Sebastian Pardo,C05,4.5,19
572,Santiago Nieto,C05,2.1,12
295,Mateo Herrera,C04,3.4,15
1985,Carlos Castro,C05,3.4,4
3811,Sebastian Duran,C01,3.6,20
1175,Paula Pardo,C04,3.7,12
345,Diego Silva,C03,3.9,0
1993,Carlos Mendoza,C05,2.9,18
855,Valeria Pardo,C01,2.6,10
785,Miguel Mendoza,C02,4.4,17
4638,Carlos Silva,C05,3.1,17
3433,Diego Rincon,C02,3.1,7
578,Daniela Mendoza,C05,4.0,12
227,Alejandra Gomez,C05,2.7,13
2699,Valeria Duran,C02,3.5,8
1202,Mariana Cabrera,C03,3.7,1
4141,Isabella Vargas,C02,3.3,18
3915,Mariana Duran,C05,5.0,11
1980,Gabriela Cabrera,C02,3.3,20
1534,Felipe Rojas,C04,2.6,6
4264,Nicolas Ospina,C05,4.1,6
505,Tomas Salazar,C03,4.8,1
3498,Mariana Castro,C03,4.5,2
656,Santiago Nieto,C02,4.8,16
1158,Alejandra Herrera,C01,2.7,0
2912,Isabella Vargas,C03,4.4,1
323,Gabriela Rojas,C03,4.2,4
1268,Daniela Pardo,C04,2.0,11
314,Alejandra Rojas,C01,,0
690,Miguel Cabrera,C05,4.0,8
776,Laura Silva,C01,3.2,11
948,Andres Castro,C03,4.0,7
852,Sofia Rincon,C02,4.2,1
3172,Tomas Ospina,C01,3.0,7
14,Isabella Salazar,C03,4.0,18
1962,Carlos Rojas,C01,3.2,8
2692,Alejandra Duran,C02,3.4,3
4096,Miguel Rincon,C02,2.6,7
4863,Paula Ospina,C04,3.3,19
3365,Nicolas Castro,C02,4.5,9
2888,Gabriela Silva,C02,3.2,16
4040,Diego Ospina,C03,4.8,18
3180,Sebastian Cabrera,C04,2.8,4
879,Alejandra Pardo,C05,2.8,18
4250,Laura Gomez,C02,2.6,4
2662,Sofia Cabrera,C02,2.7,15
3639,Mariana Pardo,C02,5.0,1
1246,Gabriela Ospina,C04,3.1,8
3141,Sofia Silva,C02,3.1,2
2678,Paula Ospina,C04,4.1,10
1147,Santiago Beltran,C01,3.1,11
3103,Sofia Castro,C04,3.8,0
2857,Isabella Rojas,C03,5.0,8
717,Paula Vargas,C01,2.8,6
3484,Miguel Rojas,C02,3.8,15
1733,Tomas Nieto,C03,3.9,10
2097,Mateo Beltran,C05,4.6,14
558,Tomas Salazar,C02,3.4,14
3527,Miguel Beltran,C01,3.5,14
4958,Alejandra Mendoza,C01,,12
2101,Santiago Castro,C02,4.7,8
3574,Andres Herrera,C05,4.2,1
3542,Miguel Vargas,C04,3.1,11
2398,Andres Silva,C05,3.9,15
550,Camila Duran,C04,3.9,0
142,Luis Rojas,C04,4.0,14
4736,Ana Pardo,C05,4.3,13
299,Nicolas Rojas,C04,3.2,3
3845,Tomas Rincon,C02,4.0,1
733,Paula Martinez,C05,4.9,1
4940,Sebastian Silva,C01,2.4,10
1212,Ana Nieto,C05,3.7,20
2642,Ana Cabrera,C02,4.4,20
3379,Sebastian Rincon,C01,2.9,12
3753,Juan Castro,C04,3.4,5
2902,Andres Castro,C05,5.0,16
179,Andres Silva,C05,,17
985,Sara Nieto,C05,3.9,6
2544,Sebastian Herrera,C02,4.0,1
3972,Gabriela Nieto,C03,4.9,3
326,Mateo Rojas,C02,4.0,14
531,Luis Nieto,C03,4.3,19
2135,Juan Castro,C01,3.7,20
4996,Sofia Silva,C05,3.3,12
4557,Felipe Beltran,C05,2.9,1
205,Sofia Rincon,C05,4.4,19
2615,Tomas Herrera,C05,4.7,12
826,Andres Martinez,C03,3.5,18
84,Juan Castro,C02,,12
883,Santiago Vargas,C02,3.0,10
2427,Alejandra Gomez,C04,1.4,1
4423,Diego Herrera,C03,5.0,18
4331,Ana Castro,C01,3.4,10
2073,Camila Nieto,C01,4.2,6
4151,Carlos Beltran,C03,4.5,11
4537,Sara Castro,C03,5.0,7
3052,Diego Cabrera,C03,3.2,8
4524,Mariana Herrera,C02,4.6,18
2406,Daniela Ospina,C04,5.0,17
2877,Laura Castro,C02,4.3,2
180,Mariana Nieto,C02,3.3,19
3909,Ana Duran,C05,4.4,5
335,Gabriela Silva,C04,4.0,1
3757,Felipe Beltran,C04,3.2,9
163,Diego Silva,C02,3.4,18
2839,Ana Nieto,C04,2.5,8
2616,Daniela Ospina,C01,2.7,4
900,Santiago Beltran,C02,3.9,18
1137,Sara Rincon,C03,3.4,14
3902,Ana Rincon,C04,2.6,16
1589,Diego Vargas,C03,4.1,10
3745,Laura Martinez,C03,5.0,17
4366,Valeria Rojas,C04,2.8,6
2225,Daniela Martinez,C03,4.4,8
1786,Valeria Nieto,C01,3.6,14
1615,Mateo Salazar,C03,3.8,16
4349,Daniela Nieto,C03,4.0,7
1538,Camila Pardo,C01,3.5,2
3304,Daniela Pardo,C01,2.4,1
2653,Ana Martinez,C02,4.4,5
3734,Tomas Castro,C04,4.7,3
2160,Carlos Mendoza,C03,4.0,1
4974,Camila Rojas,C04,3.2,8
4851,Carlos Castro,C05,3.0,16
373,Paula Pardo,C05,3.5,3
2370,Miguel Duran,C04,3.8,2
3253,Gabriela Vargas,C03,3.6,17
1946,Daniela Ospina,C05,3.2,20
4914,Miguel Castro,C04,3.8,3
1457,Mariana Martinez,C04,3.7,8
2794,Felipe Ospina,C03,4.7,16
4702,Alejandra Salazar,C01,2.9,12
3693,Paula Mendoza,C05,4.0,19
3435,Carlos Duran,C04,2.9,16
120,Santiago Silva,C04,3.8,7
727,Valeria Silva,C02,,6
773,Sebastian Herrera,C02,4.1,5
259,Felipe Nieto,C03,,7
3174,Isabella Rincon,C04,3.8,13
4024,Andres Martinez,C04,3.8,0
1350,Juan Duran,C05,,13
4108,Camila Nieto,C05,4.0,5
678,Valeria Vargas,C03,3.1,18
1371,Nicolas Rincon,C04,,10
1912,Alejandra Gomez,C02,4.2,4
1064,Mariana Mendoza,C02,3.7,3
893,Paula Vargas,C05,3.9,13
3043,Isabella Salazar,C03,2.9,0
3598,Nicolas Pardo,C02,2.3,20
1414,Miguel Salazar,C04,2.9,20
923,Isabella Nieto,C03,5.0,14
1881,Diego Cabrera,C02,3.8,9
1456,Sara Ospina,C01,3.7,19
2074,Paula Gomez,C05,3.0,20
702,Mateo Silva,C04,4.7,12
2448,Carlos Mendoza,C04,3.5,1
2936,Daniela Vargas,C05,2.1,15
3010,Carlos Gomez,C05,3.9,4
756,Diego Gomez,C03,5.0,0
4112,Camila Mendoza,C04,3.8,0
1591,Valeria Duran,C02,3.6,14
2570,Luis Gomez,C01,1.4,1
4008,Tomas Pardo,C04,3.5,12
3131,Alejandra Beltran,C01,2.0,10
4930,Carlos Silva,C03,5.0,6
130,Valeria Ospina,C03,4.9,13
2474,Paula Rincon,C05,4.2,10
3680,Miguel Salazar,C05,4.5,7
4307,Paula Pardo,C03,5.0,7
2625,Juan Herrera,C05,4.3,6
569,Nicolas Salazar,C02,3.1,10
1321,Isabella Beltran,C05,4.2,12
3928,Valeria Vargas,C02,4.0,8
3193,Mariana Ospina,C02,4.2,13
3958,Carlos Rincon,C05,3.1,18
4408,Santiago Salazar,C05,5.0,2
4443,Andres Cabrera,C02,3.3,0
3320,Mariana Nieto,C03,3.8,13
3860,Ana Silva,C05,3.0,20
2752,Juan Rincon,C01,2.6,3
4389,Andres Beltran,C04,2.8,0
4066,Miguel Gomez,C04,1.9,5
891,Diego Ospina,C03,4.6,5
280,Sofia Duran,C01,2.7,4
2747,Isabella Ospina,C01,2.0,18
3544,Santiago Pardo,C02,3.6,15
2438,Santiago Rojas,C02,3.2,6
1559,Felipe Castro,C05,3.2,19
627,Luis Salazar,C04,3.0,6
2851,Sara Ospina,C02,4.7,19
3023,Sofia Rojas,C03,5.0,5
3603,Daniela Cabrera,C01,4.3,15
2807,Sebastian Rojas,C02,3.6,16
3940,Andres Cabrera,C05,4.5,4
2520,Valeria Rincon,C04,2.8,10
3664,Gabriela Duran,C01,,20
3562,Mateo Pardo,C04,3.5,8
1413,Sebastian Beltran,C04,3.6,1
4271,Sara Mendoza,C02,4.1,16
494,Carlos Mendoza,C03,3.7,6
3232,Mateo Ospina,C04,2.9,12
4688,Isabella Martinez,C01,3.1,16
117,Mariana Ospina,C03,4.3,7
2428,Andres Martinez,C02,4.1,18
788,Luis Mendoza,C05,2.1,16
4319,Valeria Nieto,C05,4.1,7
1305,Carlos Ospina,C05,3.1,4
405,Nicolas Herrera,C04,3.0,13
1273,Gabriela Duran,C05,4.1,19
125,Mateo Gomez,C04,2.8,13
2343,Santiago Rincon,C02,,18
3759,Luis Herrera,C03,4.0,8
3364,Paula Cabrera,C01,2.9,19
1288,Mariana Pardo,C05,4.5,0
3945,Andres Duran,C05,3.8,10
3582,Juan Rincon,C02,3.2,13
3334,Sara Vargas,C04,3.6,20
3713,Sebastian Martinez,C04,3.1,16
2522,Alejandra Mendoza,C01,2.4,3
3296,Mariana Mendoza,C03,4.8,12
4686,Luis Martinez,C04,3.1,14
2988,Paula Pardo,C03,3.9,14
3353,Santiago Martinez,C03,3.8,7
3987,Sofia Cabrera,C02,2.9,7
419,Ana Herrera,C01,2.5,3
3523,Sebastian Pardo,C03,3.8,20
4750,Carlos Castro,C02,4.6,15
2444,Paula Rincon,C01,2.8,14
1235,Miguel Martinez,C03,4.5,10
1815,Felipe Mendoza,C05,2.7,12
4465,Santiago Gomez,C03,4.8,9
4383,Sebastian Mendoza,C03,4.2,4
1221,Tomas Gomez,C05,3.4,7
1278,Laura Ospina,C03,5.0,4
2942,Mariana Silva,C04,3.4,6
1013,Miguel Rojas,C04,3.8,10
3154,Santiago Rojas,C03,4.4,1
59,Sofia Vargas,C03,4.8,3
3652,Gabriela Duran,C04,4.0,18
4256,Felipe Castro,C04,3.1,15
1814,Camila Nieto,C02,5.0,5
235,Mateo Beltran,C01,3.3,3
3900,Daniela Gomez,C04,3.6,8
1948,Mateo Pardo,C01,2.6,1
1346,Nicolas Rojas,C05,2.8,14
2514,Paula Beltran,C05,3.8,1
3464,Ana Silva,C02,2.7,5
2341,Andres Salazar,C03,4.3,16
2853,Alejandra Gomez,C05,4.2,8
375,Carlos Pardo,C05,3.4,4
3406,Carlos Duran,C05,4.4,18
968,Alejandra Gomez,C04,4.4,13
2501,Juan Martinez,C05,4.6,0
1627,Andres Rojas,C05,3.9,2
2331,Tomas Rincon,C01,2.3,11
817,Diego Cabrera,C02,3.2,6
477,Mariana Castro,C02,3.7,9
2493,Isabella Nieto,C02,3.7,2
242,Juan Beltran,C01,2.5,5
4568,Diego Vargas,C04,3.5,18
177,Daniela Vargas,C03,3.9,13
2402,Felipe Beltran,C04,3.4,11
1928,Tomas Gomez,C01,3.4,6
4416,Paula Rincon,C01,2.2,8
3471,Sara Mendoza,C05,4.5,6
3997,Valeria Beltran,C01,2.3,17
3097,Luis Rojas,C03,3.9,19
896,Mariana Vargas,C02,2.7,10
1431,Carlos Herrera,C05,4.3,1
519,Laura Salazar,C03,4.1,16
438,Nicolas Rincon,C02,3.3,7
154,Santiago Beltran,C03,4.4,15
832,Sofia Ospina,C01,2.8,2
2354,Sofia Vargas,C01,2.1,3
4044,Miguel Martinez,C02,4.0,15
310,Ana Pardo,C01,3.5,2
4061,Ana Duran,C02,4.3,15
1023,Sara Martinez,C03,5.0,3
3846,Diego Martinez,C02,3.7,13
748,Juan Ospina,C01,2.7,9
4792,Alejandra Nieto,C05,4.1,20
4290,Laura Herrera,C04,4.0,18
4756,Valeria Silva,C01,2.7,9
544,Sara Ospina,C05,2.8,0
4971,Nicolas Cabrera,C05,4.1,11
2975,Diego Mendoza,C04,,13
605,Alejandra Cabrera,C03,4.1,4
800,Sara Beltran,C03,4.4,6
2605,Santiago Rojas,C01,4.2,14
3625,Gabriela Castro,C03,,19
393,Camila Nieto,C03,4.9,12
4218,Valeria Herrera,C04,5.0,11
4042,Luis Martinez,C01,2.5,8
3306,Andres Cabrera,C03,3.8,17
29,Daniela Silva,C01,3.3,11
28,Nicolas Pardo,C02,3.9,19
3952,Alejandra Beltran,C05,4.7,6
2896,Carlos Vargas,C05,4.1,3
1767,Mariana Beltran,C04,2.7,9
1244,Alejandra Rojas,C05,3.3,0
1983,Laura Herrera,C05,4.6,17
4119,Andres Duran,C05,,19
101,Mateo Martinez,C01,3.8,0
1564,Nicolas Rojas,C03,3.9,4
937,Daniela Ospina,C01,2.6,19
3650,Santiago Duran,C04,4.0,16
1088,Ana Gomez,C04,2.1,15
2997,Camila Pardo,C01,3.9,6
944,Laura Rojas,C02,3.3,0
4236,Paula Silva,C03,5.0,5
2260,Nicolas Nieto,C02,2.8,5
1141,Andres Rojas,C04,3.2,2
3387,Santiago Ospina,C02,4.8,19
1223,Mateo Gomez,C01,2.8,8
4363,Juan Cabrera,C05,4.9,3
3783,Tomas Salazar,C02,2.5,0
347,Juan Silva,C02,4.7,3
258,Santiago Mendoza,C04,3.1,20
3170,Santiago Salazar,C02,4.2,16
2909,Ana Nieto,C01,3.8,18
4552,Gabriela Mendoza,C03,3.5,20
1065,Miguel Herrera,C03,4.1,18
1913,Paula Cabrera,C05,4.0,6
4671,Sebastian Rojas,C04,3.0,10
3776,Valeria Castro,C05,3.8,16
3617,Miguel Gomez,C02,4.6,6
3880,Santiago Castro,C05,4.6,10
3673,Gabriela Rincon,C03,5.0,10
3351,Carlos Martinez,C01,,19
4707,Gabriela Duran,C02,3.6,14
3986,Alejandra Mendoza,C02,4.5,9
2098,Carlos Duran,C05,3.5,14
3233,Valeria Vargas,C04,3.0,6
488,Mariana Silva,C05,3.7,19
4450,Paula Mendoza,C02,4.1,15
4825,Sara Ospina,C03,4.9,7
482,Valeria Rincon,C02,4.3,12
4901,Tomas Cabrera,C03,5.0,3
3392,Sebastian Silva,C02,4.3,9
2020,Sara Silva,C04,3.4,11
1901,Santiago Salazar,C03,4.2,7
4397,Sofia Salazar,C02,4.0,9
4679,Luis Beltran,C02,2.8,20
2111,Mariana Duran,C02,3.8,1
288,Miguel Castro,C02,3.9,0
802,Diego Duran,C03,,5
467,Sebastian Silva,C05,2.5,14
1619,Andres Salazar,C04,4.4,1
3865,Nicolas Duran,C04,2.1,16
4952,Gabriela Nieto,C05,4.6,10
1839,Gabriela Martinez,C04,4.5,10
529,Santiago Martinez,C04,2.6,10
1185,Ana Beltran,C02,3.3,10
2536,Valeria Vargas,C05,4.6,12
4488,Alejandra Vargas,C03,4.2,8
1330,Alejandra Castro,C05,4.3,14
2328,Gabriela Beltran,C02,4.4,10
1000,Gabriela Duran,C03,4.6,17
4210,Valeria Castro,C03,4.4,0
3339,Alejandra Mendoza,C05,3.9,13
4285,Sofia Beltran,C02,,19
2756,Nicolas Beltran,C03,5.0,18
147,Santiago Martinez,C04,2.6,15
158,Miguel Duran,C01,2.8,13
1248,Laura Silva,C05,4.1,11
1130,Carlos Rincon,C05,3.7,18
4262,Juan Martinez,C03,5.0,2
1708,Isabella Rojas,C01,3.6,10
981,Santiago Duran,C02,3.6,3
2347,Diego Castro,C03,4.8,6
3910,Andres Rincon,C03,,9
3112,Nicolas Martinez,C03,3.4,1
2503,Alejandra Pardo,C05,3.8,9
971,Nicolas Silva,C04,4.0,11
3735,Mateo Beltran,C02,3.6,14
4555,Gabriela Salazar,C02,4.2,5
2700,Diego Ospina,C04,3.0,6
1751,Nicolas Herrera,C01,3.0,4
2337,Sara Ospina,C03,5.0,14
753,Paula Ospina,C01,3.6,8
917,Sofia Silva,C02,2.3,6
925,Juan Rojas,C02,4.0,19
1457,Mariana Martinez,C04,3.7,8
451,Felipe Mendoza,C01,3.0,1
4977,Laura Herrera,C01,2.6,0
1038,Andres Cabrera,C03,,11
1843,Alejandra Castro,C04,2.8,11
4263,Isabella Silva,C01,2.8,20
3100,Miguel Rincon,C01,2.7,4
2262,Paula Salazar,C03,5.0,4
4592,Paula Martinez,C04,,9
2967,Miguel Beltran,C05,4.5,13
1046,Valeria Ospina,C01,2.5,6
3781,Camila Herrera,C01,2.3,2
4677,Valeria Pardo,C05,4.5,15
4195,Miguel Duran,C03,5.0,10
2175,Alejandra Ospina,C03,4.3,0
415,Mateo Duran,C03,4.0,16
1950,Isabella Cabrera,C03,5.0,18
2481,Laura Beltran,C01,1.5,6
3790,Mariana Gomez,C02,3.6,11
1233,Sara Castro,C03,4.6,20
18,Felipe Pardo,C02,2.4,6
1482,Carlos Martinez,C03,4.1,4
1809,Paula Pardo,C01,2.8,9
672,Tomas Nieto,C05,3.7,8
3096,Sebastian Silva,C01,3.1,16
4999,Sara Ospina,C01,3.9,11
3408,Tomas Duran,C04,3.1,20
2158,Luis Gomez,C01,,6
3281,Mariana Beltran,C01,,1
970,Luis Cabrera,C01,1.6,20
3458,Daniela Gomez,C02,3.8,1
2302,Juan Rincon,C01,2.4,19
2286,Paula Nieto,C05,3.7,7
4607,Laura Cabrera,C04,3.2,19
468,Camila Pardo,C04,4.2,0
3584,Santiago Gomez,C01,2.6,15
628,Sara Martinez,C05,4.6,11
4077,Juan Castro,C05,2.8,15
825,Alejandra Vargas,C05,3.4,9
133,Diego Beltran,C03,5.0,17
523,Juan Nieto,C03,3.3,10
3383,Gabriela Nieto,C02,4.8,7
1440,Diego Rojas,C02,4.5,20
359,Santiago Vargas,C03,4.6,5
2304,Nicolas Cabrera,C01,2.2,7
2618,Santiago Beltran,C03,,5
946,Tomas Herrera,C01,3.5,19
1253,Nicolas Castro,C05,5.0,6
1799,Santiago Gomez,C04,3.7,13
2287,Isabella Cabrera,C02,2.7,9
1347,Gabriela Herrera,C03,4.6,0
2539,Paula Herrera,C02,3.7,20
3336,Daniela Rincon,C01,2.6,14
3455,Alejandra Rincon,C02,5.0,17
1657,Carlos Nieto,C01,3.1,18
1745,Andres Mendoza,C02,5.0,12
4917,Diego Herrera,C04,2.5,4
2729,Luis Gomez,C03,5.0,3
4109,Felipe Gomez,C01,2.9,8
420,Ana Gomez,C05,5.0,15
2399,Nicolas Cabrera,C03,3.9,7
1011,Felipe Herrera,C03,4.2,7
3333,Carlos Vargas,C03,4.3,20
3481,Carlos Gomez,C03,5.0,13
1940,Alejandra Cabrera,C02,4.2,13
2193,Isabella Herrera,C01,2.6,17
3153,Andres Cabrera,C04,3.6,17
212,Alejandra Silva,C02,4.2,2
1017,Juan Pardo,C04,3.8,8
4827,Santiago Silva,C02,4.1,11
580,Mariana Mendoza,C01,2.2,8
1578,Alejandra Beltran,C01,4.0,9
1939,Nicolas Rincon,C03,4.4,0
2791,Sara Cabrera,C02,3.6,10
4370,Andres Salazar,C03,3.8,2
1298,Paula Castro,C05,4.5,2
3213,Sofia Mendoza,C02,4.6,20
1665,Diego Martinez,C04,4.3,5
3288,Tomas Mendoza,C02,3.1,19
2920,Carlos Nieto,C02,4.2,8
3033,Tomas Silva,C04,3.6,7
560,Valeria Herrera,C01,3.1,11
1114,Felipe Mendoza,C03,3.8,14
4778,Laura Herrera,C04,2.8,11
3227,Miguel Duran,C02,2.3,16
719,Camila Cabrera,C05,,20
236,Mateo Duran,C02,2.9,8
1761,Laura Duran,C01,3.2,5
1686,Valeria Pardo,C05,4.2,2
511,Valeria Beltran,C04,4.0,1
4972,Paula Cabrera,C02,4.2,11
4616,Sebastian Salazar,C02,3.8,8
466,Gabriela Mendoza,C05,3.7,3
4669,Gabriela Herrera,C05,4.6,7
3837,Juan Herrera,C02,3.7,0
2456,Camila Rincon,C04,3.1,1
3486,Felipe Martinez,C02,3.9,18
4888,Diego Vargas,C02,3.4,14
3718,Camila Pardo,C03,4.4,6
3705,Mateo Gomez,C02,4.9,2
4613,Felipe Salazar,C01,4.0,0
4877,Mariana Salazar,C03,3.6,3
3818,Tomas Duran,C04,3.8,4
3175,Andres Silva,C05,4.9,8
2690,Sebastian Pardo,C02,,1
1204,Paula Mendoza,C03,4.3,14
4860,Alejandra Beltran,C01,2.2,7
3094,Andres Cabrera,C05,3.9,1
1418,Sofia Salazar,C05,4.0,11
1571,Juan Herrera,C05,4.6,20
2785,Valeria Pardo,C04,5.0,20
2140,Nicolas Ospina,C03,4.2,1
3067,Miguel Ospina,C02,3.9,10
757,Isabella Gomez,C03,4.5,7
3533,Gabriela Rincon,C02,4.4,8
1558,Carlos Gomez,C01,3.8,2
4793,Diego Rojas,C05,3.7,0
4719,Alejandra Gomez,C01,3.6,7
2011,Alejandra Rojas,C02,2.3,7
2828,Laura Duran,C02,4.4,11
3563,Alejandra Ospina,C05,3.8,1
2758,Diego Pardo,C01,4.4,5
41,Daniela Vargas,C01,3.1,5
3031,Mariana Duran,C03,2.9,6
2641,Santiago Cabrera,C05,4.1,14
977,Luis Mendoza,C05,3.5,1
4645,Paula Nieto,C01,3.1,8
4810,Mateo Rojas,C04,3.4,3
554,Isabella Cabrera,C02,3.8,9
4648,Laura Pardo,C02,3.0,0
3515,Luis Gomez,C01,2.6,2
4213,Andres Gomez,C04,3.0,11
240,Gabriela Vargas,C05,4.2,2
1111,Mariana Martinez,C05,3.6,16
4979,Sofia Beltran,C01,3.0,1
888,Camila Silva,C05,4.0,14
176,Tomas Salazar,C03,4.6,0
3866,Sebastian Gomez,C04,4.2,9
2889,Mariana Pardo,C01,3.4,4
4525,Santiago Salazar,C05,4.7,19
4081,Daniela Mendoza,C04,2.9,5
2950,Carlos Nieto,C02,2.9,0
4367,Santiago Martinez,C02,4.1,8
2018,Laura Vargas,C02,4.2,20
1378,Sofia Castro,C01,1.2,7
402,Santiago Ospina,C02,4.3,19
2587,Camila Gomez,C03,5.0,3
1594,Tomas Duran,C03,4.3,18
3315,Sara Silva,C01,3.1,7
487,Nicolas Duran,C03,3.6,13
3368,Paula Rincon,C02,3.6,17
2694,Gabriela Ospina,C03,4.1,12
63,Sofia Salazar,C03,,17
4906,Mateo Castro,C01,3.7,16
1982,Juan Mendoza,C03,3.3,2
4146,Luis Pardo,C04,3.5,9
3478,Laura Pardo,C05,4.1,20
199,Laura Beltran,C03,4.9,8
2995,Felipe Rojas,C03,5.0,19
3942,Mateo Cabrera,C02,3.1,19
4762,Alejandra Cabrera,C03,3.5,17
1491,Paula Martinez,C03,3.4,2
3891,Paula Rojas,C05,4.6,7
1193,Sebastian Rincon,C04,2.7,11
2452,Diego Rojas,C03,5.0,8
1723,Sebastian Martinez,C05,3.5,0
3801,Alejandra Rojas,C01,4.0,12
1756,Luis Martinez,C02,2.9,18
3519,Gabriela Rincon,C04,3.1,20
2194,Paula Silva,C03,3.7,5
2624,Alejandra Cabrera,C01,3.2,7
2546,Diego Duran,C03,5.0,7
3414,Alejandra Salazar,C02,4.1,4
2687,Mateo Ospina,C05,3.3,16
312,Tomas Castro,C04,3.1,11
1947,Gabriela Mendoza,C04,4.0,18
2133,Diego Ospina,C03,3.2,1
2155,Mateo Cabrera,C05,4.5,8
4432,Isabella Gomez,C02,3.8,1
4385,Laura Martinez,C03,3.5,11
3317,Juan Duran,C02,,13
1388,Luis Herrera,C04,2.2,7
4773,Carlos Herrera,C03,4.7,12
2404,Sara Ospina,C03,4.7,20
4240,Felipe Beltran,C04,3.6,17
1722,Valeria Salazar,C04,3.4,5
2986,Carlos Rojas,C03,4.2,13
4574,Ana Mendoza,C05,4.6,5
831,Santiago Beltran,C01,2.3,10
4629,Sebastian Rincon,C01,2.1,16
3565,Alejandra Rincon,C02,4.2,5
369,Miguel Rincon,C03,5.0,16
3849,Ana Cabrera,C01,3.4,0
412,Daniela Silva,C05,4.0,13
395,Mateo Vargas,C03,3.5,0
3656,Santiago Herrera,C03,,15
889,Laura Ospina,C01,2.1,6
2717,Sebastian Rincon,C02,4.0,0
822,Paula Duran,C05,3.9,11
4497,Laura Duran,C02,3.5,11
368,Alejandra Nieto,C03,4.2,1
2090,Valeria Cabrera,C02,5.0,19
97,Luis Vargas,C01,1.8,4
1405,Mariana Martinez,C04,2.5,2
3546,Miguel Castro,C03,5.0,16
2058,Mateo Vargas,C01,2.1,19
832,Sofia Ospina,C01,2.8,2
2648,Sara Pardo,C02,3.9,20
1339,Juan Martinez,C05,3.9,12
1570,Felipe Gomez,C03,3.9,11
300,Luis Vargas,C01,1.5,15
2973,Nicolas Gomez,C05,3.4,19
4265,Miguel Rincon,C04,4.0,15
2226,Mateo Mendoza,C03,5.0,12
3225,Nicolas Gomez,C03,3.9,16
2224,Carlos Silva,C03,4.7,8
1109,Gabriela Ospina,C04,4.4,9
1297,Sara Beltran,C05,4.2,13
2922,Valeria Rojas,C03,3.8,13
3764,Luis Salazar,C02,4.0,4
4515,Isabella Mendoza,C05,3.8,0
78,Mateo Vargas,C05,3.1,10
1579,Sofia Castro,C05,4.8,4
4985,Nicolas Mendoza,C01,2.9,18
1992,Camila Duran,C02,,8
4090,Camila Silva,C05,4.2,6
4113,Andres Pardo,C02,5.0,5
184,Sofia Castro,C04,4.6,7
2589,Ana Herrera,C03,4.5,8
3479,Gabriela Martinez,C04,3.7,14
4632,Andres Cabrera,C05,5.0,14
1624,Nicolas Mendoza,C01,2.6,9
1514,Nicolas Pardo,C03,5.0,15
2358,Isabella Rojas,C02,3.8,10
2479,Laura Mendoza,C05,4.0,12
3711,Sara Rincon,C04,4.5,5
3492,Valeria Herrera,C05,5.0,7
3618,Tomas Martinez,C02,4.0,16
3297,Luis Silva,C02,3.7,16
2532,Camila Rojas,C05,3.4,15
4082,Santiago Silva,C04,2.5,20
2236,Sebastian Pardo,C02,3.4,3
1157,Miguel Herrera,C05,5.0,17
1984,Miguel Nieto,C04,,15
1085,Andres Cabrera,C05,4.4,13
168,Sofia Salazar,C02,3.4,5
686,Felipe Duran,C02,4.5,12
1018,Sara Nieto,C04,4.5,8
1276,Isabella Rojas,C05,3.9,10
2506,Isabella Pardo,C03,5.0,16
2730,Daniela Nieto,C04,2.5,2
4615,Felipe Nieto,C02,3.5,15
4963,Isabella Martinez,C01,2.5,0
4742,Luis Beltran,C02,4.5,3
1349,Andres Gomez,C05,4.9,0
1296,Mateo Castro,C05,4.5,3
3556,Felipe Salazar,C01,3.3,10
2319,Tomas Mendoza,C05,3.5,20
584,Andres Rojas,C04,3.3,11
2078,Mateo Mendoza,C04,3.3,0
2968,Juan Herrera,C04,3.9,19
3245,Mariana Nieto,C03,5.0,15
837,Alejandra Rincon,C01,2.5,7
3992,Juan Mendoza,C02,4.0,1
4473,Gabriela Duran,C05,3.8,12
4796,Ana Silva,C01,2.8,5
1630,Luis Pardo,C01,3.8,4
3316,Diego Cabrera,C03,4.1,9
4369,Miguel Salazar,C02,4.4,6
1794,Sofia Silva,C03,3.9,9
209,Ana Rojas,C04,,11
670,Sara Gomez,C04,,5
4005,Santiago Martinez,C03,4.4,12
4643,Juan Pardo,C04,2.4,15
4145,Ana Nieto,C04,4.8,12
3701,Miguel Rincon,C04,4.6,16
4247,Andres Pardo,C01,2.8,5
3034,Nicolas Rojas,C01,3.7,10
1922,Andres Silva,C05,3.5,7
1554,Ana Vargas,C04,3.5,9
807,Andres Mendoza,C05,3.5,2
136,Juan Mendoza,C04,3.5,10
2674,Mariana Salazar,C04,3.9,15
2593,Alejandra Castro,C02,3.1,10
2840,Paula Beltran,C02,3.9,3
1997,Laura Rincon,C04,3.5,17
3249,Santiago Vargas,C02,3.2,19
1871,Valeria Martinez,C02,2.9,20
3324,Alejandra Rincon,C01,2.2,8
4903,Sebastian Herrera,C04,4.0,12
2531,Juan Silva,C05,5.0,19
771,Daniela Mendoza,C03,4.1,6
2200,Sara Herrera,C02,3.7,12
616,Camila Rojas,C02,2.6,20
4293,Daniela Martinez,C05,3.1,14
1686,Valeria Pardo,C05,4.2,2
533,Gabriela Duran,C02,3.6,0
4242,Miguel Mendoza,C05,5.0,1
4512,Camila Herrera,C02,3.7,2
921,Carlos Rincon,C03,4.0,5
2647,Santiago Nieto,C03,3.9,19
3410,Juan Salazar,C04,3.6,1
2391,Diego Salazar,C05,4.7,9
1990,Laura Nieto,C01,2.2,13
3674,Sara Rojas,C05,4.5,14
617,Sofia Beltran,C01,4.2,17
231,Mariana Rojas,C01,3.3,1
2862,Alejandra Mendoza,C01,2.7,13
3457,Felipe Martinez,C05,4.2,10
795,Tomas Rojas,C04,4.0,11
513,Andres Rincon,C05,3.4,19
4253,Juan Beltran,C05,3.9,15
4749,Paula Gomez,C04,3.5,2
4301,Valeria Martinez,C03,3.9,17
4732,Andres Castro,C05,4.8,0
4625,Paula Ospina,C02,4.1,8
382,Sofia Duran,C02,4.5,16
2017,Mateo Salazar,C04,3.8,5
2401,Alejandra Ospina,C02,4.3,5
1813,Carlos Silva,C01,3.3,20
1798,Mateo Pardo,C01,2.3,12
1446,Miguel Pardo,C05,3.7,4
4800,Sara Vargas,C03,4.2,1
663,Valeria Duran,C04,2.9,2
3779,Andres Mendoza,C03,4.1,4
4223,Diego Rincon,C02,4.8,10
3307,Gabriela Martinez,C02,4.2,10
4761,Sofia Pardo,C03,3.5,18
3040,Ana Martinez,C01,3.4,14
3029,Santiago Beltran,C02,2.8,14
2184,Alejandra Gomez,C01,3.1,7
2233,Ana Castro,C02,4.0,18
2959,Sara Pardo,C02,4.7,11
3259,Andres Mendoza,C02,3.3,10
4905,Nicolas Herrera,C04,3.8,9
4847,Alejandra Cabrera,C05,2.9,11
586,Sara Herrera,C05,4.3,2
1069,Santiago Vargas,C04,2.4,4
705,Carlos Duran,C03,5.0,14
2804,Carlos Vargas,C03,4.5,2
2952,Alejandra Salazar,C02,3.6,14
4015,Tomas Rincon,C04,3.4,17
3440,Tomas Mendoza,C05,2.6,19
652,Miguel Rojas,C01,4.4,10
2040,Felipe Nieto,C04,4.7,18
4790,Nicolas Castro,C03,5.0,11
1636,Paula Beltran,C05,2.7,6
1528,Mariana Silva,C02,3.1,10
1172,Nicolas Castro,C05,2.8,11
1641,Mateo Silva,C01,2.3,18
4498,Alejandra Rojas,C01,2.9,14
4031,Tomas Ospina,C04,4.6,17
3704,Alejandra Mendoza,C04,3.5,2
1107,Luis Pardo,C04,3.4,13
62,Alejandra Cabrera,C02,5.0,12
1435,Daniela Ospina,C03,4.6,8
2468,Miguel Nieto,C03,4.1,20
2992,Sara Pardo,C05,3.6,16
3266,Isabella Vargas,C02,4.0,1
1392,Camila Beltran,C04,,8
3287,Carlos Rincon,C05,3.5,2
1022,Diego Beltran,C02,3.9,18
4931,Luis Castro,C05,2.7,12
4722,Isabella Ospina,C03,3.8,0
371,Mateo Ospina,C02,3.5,0
1963,Santiago Beltran,C05,4.4,9
4230,Paula Martinez,C03,5.0,17
4178,Valeria Pardo,C04,3.3,7
4464,Sofia Duran,C02,2.6,8
3634,Sara Beltran,C03,3.1,0
3921,Miguel Herrera,C04,4.4,19
1314,Sofia Silva,C05,4.4,3
1651,Isabella Mendoza,C01,,3
2283,Juan Nieto,C03,4.4,14
2450,Felipe Vargas,C03,4.8,8
2409,Sofia Vargas,C05,5.0,19
247,Camila Herrera,C04,3.5,17
680,Nicolas Gomez,C03,4.5,13
1339,Juan Martinez,C05,3.9,12
1549,Nicolas Beltran,C04,4.5,3
976,Juan Mendoza,C02,3.3,15
4384,Gabriela Beltran,C01,3.1,7
1120,Juan Herrera,C02,3.6,18
3881,Gabriela Beltran,C02,4.7,2
3836,Juan Nieto,C03,4.4,14
3303,Mateo Beltran,C04,4.3,6
1691,Felipe Beltran,C03,5.0,10
3545,Santiago Cabrera,C03,5.0,12
2132,Diego Cabrera,C03,3.8,8
1241,Laura Duran,C04,3.7,17
4204,Santiago Salazar,C03,3.5,9
437,Valeria Martinez,C03,4.5,17
3976,Nicolas Pardo,C03,3.5,6
725,Juan Ospina,C05,4.0,6
3496,Sofia Herrera,C05,4.9,10
3793,Valeria Beltran,C05,2.9,9
4503,Carlos Rojas,C02,3.3,10
733,Paula Martinez,C05,4.9,1
222,Tomas Ospina,C03,5.0,8
4966,Camila Castro,C03,4.2,0
4569,Sofia Silva,C01,2.9,12
2630,Gabriela Rincon,C02,3.8,12
426,Gabriela Martinez,C01,3.3,14
4543,Isabella Salazar,C05,4.0,15
3370,Nicolas Castro,C02,4.6,19
3712,Santiago Herrera,C04,3.5,2
363,Santiago Rojas,C01,3.9,11
4135,Juan Duran,C02,3.7,13
3724,Valeria Duran,C04,3.6,14
4689,Juan Rincon,C01,3.1,14
2847,Luis Gomez,C02,5.0,1
3187,Alejandra Pardo,C04,4.0,14
4657,Tomas Pardo,C02,5.0,13
4594,Nicolas Gomez,C03,3.8,3
94,Sofia Martinez,C04,3.0,2
1359,Nicolas Castro,C03,2.9,7
3514,Miguel Pardo,C01,2.9,2
1086,Sebastian Rojas,C02,3.1,14
2214,Santiago Martinez,C03,4.8,20
2166,Valeria Rincon,C04,3.3,7
2853,Alejandra Gomez,C05,4.2,8
3475,Daniela Beltran,C03,5.0,4
2897,Felipe Rincon,C04,3.8,10
4123,Isabella Beltran,C05,5.0,5
3937,Juan Duran,C04,4.3,9
1642,Felipe Silva,C05,3.7,4
2769,Diego Gomez,C04,4.3,3
1991,Diego Beltran,C03,3.3,2
1048,Valeria Salazar,C05,3.8,17
718,Camila Herrera,C03,3.5,0
2912,Isabella Vargas,C03,4.4,1
249,Felipe Rojas,C02,4.1,10
4379,Sara Herrera,C02,4.2,11
4460,Nicolas Pardo,C04,4.1,17
2652,Paula Herrera,C04,3.5,3
3294,Miguel Nieto,C02,3.0,0
698,Camila Duran,C02,3.0,13
4950,Valeria Rojas,C04,3.3,16
3104,Isabella Rincon,C05,4.4,1
3043,Isabella Salazar,C03,2.9,0
2543,Diego Silva,C01,3.4,10
3456,Sebastian Rojas,C05,4.5,14
3424,Gabriela Beltran,C03,5.0,17
4104,Nicolas Nieto,C04,3.8,20
1589,Diego Vargas,C03,4.1,10
3815,Mariana Gomez,C05,3.8,10
338,Mariana Nieto,C05,4.1,2
349,Mariana Salazar,C03,4.7,7
4898,Santiago Pardo,C01,3.4,8
463,Camila Herrera,C02,3.3,15
1973,Juan Gomez,C05,2.7,19
610,Santiago Ospina,C04,4.3,4
3017,Santiago Salazar,C01,,19
1231,Mariana Mendoza,C03,4.1,15
2600,Luis Rincon,C04,2.6,6
1095,Tomas Cabrera,C02,3.1,3
3121,Diego Gomez,C03,4.0,6
1907,Valeria Herrera,C05,3.3,3
1829,Sebastian Martinez,C03,4.2,20
2739,Tomas Vargas,C04,3.3,15
4336,Sebastian Castro,C03,4.5,6
2417,Valeria Martinez,C02,3.6,3
1671,Felipe Duran,C03,4.4,17
1868,Tomas Salazar,C05,1.6,5
4257,Miguel Duran,C01,3.2,5
1847,Carlos Vargas,C02,5.0,20
2998,Diego Duran,C03,4.8,6
2972,Tomas Gomez,C03,5.0,1
4292,Andres Pardo,C01,2.6,5
3747,Sofia Nieto,C05,3.9,10
4728,Santiago Rojas,C02,4.1,10
3525,Camila Rincon,C05,4.9,6
3325,Felipe Nieto,C04,2.6,19
1272,Santiago Cabrera,C01,3.1,3
1517,Felipe Castro,C01,2.3,10
1047,Gabriela Mendoza,C05,5.0,10
1521,Mariana Martinez,C04,4.0,2
4201,Alejandra Vargas,C04,,0
615,Gabriela Rincon,C02,3.5,14
2599,Alejandra Vargas,C04,2.7,5
2704,Luis Gomez,C04,4.7,11
3391,Laura Nieto,C04,2.8,9
1590,Sofia Rojas,C05,4.1,18
317,Carlos Salazar,C04,3.0,5
3054,Tomas Ospina,C05,4.2,19
2867,Laura Vargas,C05,3.1,4
79,Mariana Silva,C02,4.3,11
518,Luis Silva,C05,4.0,4
2149,Sofia Mendoza,C05,3.5,0
2645,Gabriela Rincon,C05,4.4,9
2212,Felipe Ospina,C02,4.1,1
3967,Miguel Duran,C01,3.6,2
2763,Alejandra Ospina,C03,3.6,20
2749,Gabriela Silva,C05,3.8,11
4611,Miguel Vargas,C03,4.4,14
293,Valeria Duran,C01,3.1,11
4103,Luis Cabrera,C01,2.4,20
3823,Santiago Rincon,C02,,5
4565,Sara Pardo,C03,4.5,3
3206,Mariana Salazar,C05,4.2,4
1081,Paula Beltran,C01,3.8,7
2377,Santiago Castro,C04,4.0,16
3660,Gabriela Castro,C02,3.5,15
3250,Gabriela Mendoza,C05,2.8,16
2451,Felipe Castro,C04,3.7,12
1060,Luis Mendoza,C04,3.2,14
1383,Sofia Martinez,C02,3.0,9
789,Laura Rincon,C03,4.4,14
4942,Mariana Silva,C01,3.0,14
3460,Daniela Rojas,C02,2.9,0
3161,Carlos Herrera,C02,4.3,19
658,Diego Vargas,C02,2.9,17
742,Sofia Gomez,C01,4.1,2
1866,Santiago Nieto,C05,4.7,7
1791,Andres Herrera,C03,4.4,7
740,Ana Beltran,C04,3.2,3
1560,Andres Cabrera,C05,4.3,4
1562,Felipe Nieto,C01,2.9,2
1681,Luis Cabrera,C05,3.2,15
2238,Felipe Salazar,C01,4.3,2
4462,Tomas Gomez,C02,,20
687,Isabella Nieto,C01,2.6,15
3036,Nicolas Gomez,C02,3.4,6
3167,Andres Nieto,C05,3.9,14
957,Daniela Castro,C04,1.8,0
3273,Felipe Salazar,C03,3.9,17
4714,Camila Rojas,C03,4.2,19
2670,Laura Silva,C04,3.7,0
2735,Diego Rincon,C03,4.4,7
3941,Daniela Duran,C01,4.0,9
4727,Daniela Vargas,C03,,18
1224,Camila Salazar,C02,2.8,11
1080,Diego Cabrera,C03,4.7,7
1051,Ana Gomez,C02,5.0,7
1898,Santiago Silva,C05,4.4,5
592,Laura Rincon,C02,3.5,20
1557,Camila Rincon,C05,3.5,19
3421,Paula Mendoza,C04,3.3,11
536,Luis Cabrera,C02,5.0,2
1270,Tomas Vargas,C04,4.4,14
2919,Sebastian Beltran,C02,,12
3098,Tomas Ospina,C01,2.5,13
4051,Gabriela Pardo,C05,4.4,6
1568,Andres Beltran,C01,2.9,7
2720,Mariana Salazar,C02,3.6,19
4353,Carlos Ospina,C01,4.0,12
3912,Sebastian Salazar,C03,4.1,16
3390,Nicolas Duran,C04,3.7,10
2230,Valeria Ospina,C04,,16
4755,Mateo Castro,C03,3.8,0
4277,Sebastian Castro,C02,3.4,3
885,Daniela Castro,C01,2.7,20
3826,Tomas Martinez,C01,2.1,11
4122,Isabella Nieto,C05,5.0,8
4953,Paula Herrera,C04,3.1,12
534,Laura Gomez,C02,3.6,0
2825,Nicolas Duran,C04,3.1,16
3597,Juan Castro,C02,4.6,20
2971,Andres Cabrera,C01,3.2,12
2075,Carlos Rincon,C02,4.0,13
3904,Daniela Pardo,C04,3.7,8
998,Sebastian Ospina,C02,4.1,3
4715,Santiago Rincon,C05,4.2,6
2258,Laura Mendoza,C04,,8
1034,Sara Beltran,C01,4.0,9
4023,Sofia Salazar,C03,2.4,5
4025,Miguel Ospina,C04,3.3,2
932,Laura Vargas,C02,3.4,19
659,Sebastian Rojas,C02,4.5,12
1089,Valeria Herrera,C02,4.2,20
1595,Felipe Ospina,C01,2.4,9
4173,Sara Salazar,C05,4.4,20
4842,Alejandra Castro,C01,2.8,8
1340,Laura Gomez,C05,4.9,0
4600,Juan Vargas,C04,2.8,6
1373,Santiago Pardo,C04,3.4,15
3534,Mateo Vargas,C01,2.9,18
3099,Diego Castro,C05,3.0,10
4567,Laura Castro,C03,3.7,20
343,Gabriela Rincon,C02,3.5,3
2435,Mateo Herrera,C04,4.3,11
10,Alejandra Mendoza,C02,4.1,9
791,Sofia Pardo,C02,3.6,15
2937,Sofia Rincon,C03,2.7,2
1667,Mateo Vargas,C04,3.4,1
3404,Valeria Pardo,C03,3.5,16
3420,Laura Martinez,C04,3.3,7
4410,Luis Silva,C04,,19
4823,Carlos Rincon,C05,4.3,5
3378,Juan Beltran,C04,2.5,16
4777,Nicolas Cabrera,C03,5.0,20
3077,Daniela Mendoza,C02,2.8,11
275,Santiago Rincon,C03,3.6,17
1621,Santiago Mendoza,C04,4.1,0
2342,Mateo Pardo,C01,3.3,17
728,Nicolas Nieto,C05,,2
4884,Mariana Salazar,C04,4.1,1
2708,Mariana Rincon,C02,4.0,17
1206,Alejandra Nieto,C05,5.0,2
2900,Diego Herrera,C05,4.1,8
3838,Gabriela Pardo,C01,3.1,9
4634,Laura Silva,C04,3.5,16
2313,Sofia Herrera,C02,4.1,0
3013,Daniela Cabrera,C04,2.8,17
1234,Sara Silva,C01,3.2,4
3839,Nicolas Silva,C04,,14
619,Alejandra Vargas,C02,3.4,14
4828,Mariana Ospina,C01,3.2,8
2393,Laura Herrera,C05,3.0,14
4011,Tomas Silva,C04,3.3,9
1201,Mateo Salazar,C02,4.9,17
4047,Sara Duran,C02,3.2,18
4890,Isabella Salazar,C05,,7
2469,Laura Rojas,C01,2.6,17
4904,Laura Duran,C02,5.0,18
3195,Carlos Gomez,C04,1.8,11
4932,Juan Castro,C04,3.4,19
3418,Valeria Vargas,C02,2.7,20
1751,Nicolas Herrera,C01,3.0,4
1915,Ana Salazar,C02,2.7,17
321,Diego Nieto,C03,2.6,12
563,Diego Cabrera,C01,3.7,0
4875,Sofia Silva,C02,3.7,2
3270,Juan Duran,C04,4.2,13
1271,Felipe Silva,C05,2.5,18
3149,Sofia Salazar,C03,5.0,11
1573,Ana Silva,C03,4.7,17
453,Mateo Castro,C02,3.7,7
4218,Valeria Herrera,C04,5.0,11
3535,Ana Cabrera,C02,2.5,15
1342,Carlos Duran,C04,4.1,8
2923,Valeria Martinez,C03,5.0,16
2687,Mateo Ospina,C05,3.3,16
4655,Ana Duran,C03,,4
1668,Mariana Duran,C04,4.3,17
1524,Santiago Gomez,C02,4.2,6
2803,Paula Rincon,C01,3.2,4
1066,Isabella Cabrera,C02,4.8,9
4528,Nicolas Vargas,C05,1.9,0
4027,Daniela Rincon,C04,3.3,6
4272,Mariana Vargas,C03,5.0,4
141,Camila Gomez,C05,4.4,4
4614,Gabriela Cabrera,C04,4.5,18
86,Laura Martinez,C01,3.0,18
496,Diego Rincon,C04,2.9,18
628,Sara Martinez,C05,4.6,11
1516,Mariana Cabrera,C05,3.5,9
339,Sofia Nieto,C03,4.1,5
327,Ana Nieto,C02,4.6,2
2460,Carlos Beltran,C02,4.3,5
3192,Felipe Cabrera,C03,5.0,19
2323,Mateo Mendoza,C05,4.3,0
1439,Santiago Castro,C04,4.4,3
1547,Tomas Pardo,C05,4.7,14
1242,Camila Beltran,C01,2.2,6
4970,Laura Castro,C05,4.4,2
758,Sofia Castro,C03,5.0,10
1654,Nicolas Gomez,C05,4.1,3
1692,Carlos Ospina,C03,4.1,2
3991,Felipe Silva,C02,2.6,16
4431,Luis Rincon,C04,3.1,4
4453,Mateo Gomez,C03,4.2,9
3060,Santiago Silva,C04,,10
1582,Andres Nieto,C05,3.5,16
4703,Felipe Herrera,C04,4.1,14
2595,Alejandra Rincon,C01,3.7,20
157,Andres Mendoza,C01,2.2,20
1356,Sofia Mendoza,C01,2.7,11
1758,Gabriela Cabrera,C05,3.2,7
1679,Miguel Pardo,C04,3.4,19
3924,Laura Nieto,C03,4.3,1
3106,Sara Silva,C02,3.6,3
1580,Laura Pardo,C03,3.8,0
1617,Isabella Silva,C05,4.9,19
1407,Sofia Pardo,C05,3.1,7
4202,Paula Martinez,C05,3.9,12
3214,Santiago Ospina,C02,3.0,8
2768,Luis Ospina,C02,3.5,2
1103,Carlos Pardo,C05,2.9,16
2946,Santiago Beltran,C04,3.2,19
2197,Sara Rojas,C04,3.7,3
3427,Paula Salazar,C03,4.1,16
313,Mariana Beltran,C02,3.8,8
3731,Carlos Mendoza,C01,3.7,5
344,Isabella Salazar,C04,2.9,3
3026,Juan Beltran,C01,3.3,16
54,Luis Mendoza,C05,3.8,1
3905,Mariana Rojas,C03,4.3,11
2740,Laura Gomez,C01,3.3,15
4795,Isabella Beltran,C05,3.9,9
473,Santiago Beltran,C03,4.9,17
4184,Luis Herrera,C02,3.8,1
4360,Luis Vargas,C03,2.7,16
2092,Tomas Mendoza,C05,4.4,8
1764,Tomas Pardo,C04,4.2,1
4098,Laura Rincon,C05,,11
1093,Andres Pardo,C03,4.6,20
1655,Laura Gomez,C02,3.2,8
325,Nicolas Beltran,C04,3.2,6
4467,Sara Gomez,C01,3.8,18
1698,Ana Castro,C02,4.7,4
1773,Daniela Vargas,C04,2.8,9
4965,Luis Martinez,C05,4.0,10
1926,Carlos Mendoza,C04,3.2,11
1216,Mateo Beltran,C02,4.8,6
2663,Carlos Rincon,C02,4.2,9
1240,Nicolas Rojas,C01,1.8,20
3005,Carlos Salazar,C02,2.8,14
4993,Laura Salazar,C03,4.4,17
3437,Luis Cabrera,C03,4.0,1
3920,Juan Silva,C05,4.7,6
4563,Gabriela Salazar,C05,3.3,8
3973,Mateo Rojas,C05,3.6,14
871,Tomas Rojas,C03,4.6,17
4219,Santiago Mendoza,C03,2.9,6
256,Tomas Herrera,C03,5.0,6
863,Ana Mendoza,C02,3.7,0
2047,Mariana Silva,C04,3.6,13
3089,Tomas Mendoza,C02,5.0,9
2859,Valeria Rincon,C01,2.0,2
1752,Miguel Mendoza,C04,3.7,3
4399,Sofia Rojas,C03,5.0,13
81,Daniela Herrera,C04,3.6,9
956,Daniela Pardo,C03,4.3,4
4435,Ana Ospina,C04,4.6,18
215,Luis Rojas,C04,3.4,12
4978,Santiago Cabrera,C04,2.6,9
1188,Mateo Beltran,C04,2.9,19
1939,Nicolas Rincon,C03,4.4,0
4227,Mariana Duran,C03,3.3,1
4341,Santiago Rincon,C05,3.3,8
3730,Juan Cabrera,C03,2.8,4
4598,Valeria Ospina,C04,4.5,4
2637,Miguel Silva,C04,3.1,7
2661,Sebastian Beltran,C04,3.2,2
4165,Diego Herrera,C04,2.4,12
2597,Felipe Herrera,C01,3.5,2
779,Ana Mendoza,C03,4.4,7
3953,Sara Vargas,C03,2.2,0
1740,Felipe Rojas,C04,2.2,9
243,Sara Ospina,C04,1.9,5
4741,Gabriela Mendoza,C02,4.4,14
2482,Sofia Beltran,C04,2.0,12
4466,Tomas Mendoza,C02,2.4,4
2560,Sara Pardo,C04,3.3,4
823,Andres Beltran,C03,4.1,5
4387,Alejandra Duran,C05,4.1,18
2655,Paula Nieto,C05,,19
3323,Andres Cabrera,C02,,10
4706,Valeria Mendoza,C02,3.6,20
4421,Sebastian Martinez,C05,2.9,4
3858,Sofia Beltran,C04,4.2,14
2931,Valeria Castro,C03,4.3,9
4114,Paula Mendoza,C04,3.4,5
1579,Sofia Castro,C05,4.8,4
4335,Mateo Mendoza,C03,3.3,2
3646,Carlos Vargas,C05,3.5,5
3148,Juan Salazar,C04,3.6,2
1021,Felipe Mendoza,C02,4.8,6
2021,Diego Castro,C02,3.2,18
2093,Ana Pardo,C03,2.3,4
4320,Sara Mendoza,C03,4.8,1
3350,Gabriela Duran,C04,2.9,0
2484,Daniela Mendoza,C03,4.2,0
2037,Juan Vargas,C05,4.8,19
2432,Camila Vargas,C05,,12
4289,Camila Beltran,C04,2.4,15
1754,Laura Castro,C05,3.4,1
4799,Sofia Nieto,C02,3.1,10
1209,Santiago Salazar,C01,4.0,7
244,Camila Mendoza,C03,3.3,3
1046,Valeria Ospina,C01,2.5,6
2974,Daniela Herrera,C01,3.0,2
2572,Alejandra Rincon,C02,,19
38,Paula Salazar,C03,2.2,11
2353,Camila Duran,C04,3.2,8
1121,Valeria Duran,C04,3.0,14
939,Tomas Herrera,C03,5.0,20
1846,Nicolas Rojas,C04,3.8,5
4480,Miguel Vargas,C02,3.6,10
960,Nicolas Castro,C02,3.1,19
3805,Carlos Pardo,C01,3.7,2
2076,Sara Herrera,C03,3.0,13
608,Daniela Ospina,C03,4.2,9
1317,Andres Nieto,C04,2.2,8
4196,Alejandra Silva,C02,3.9,6
1166,Daniela Silva,C02,2.9,17
2636,Daniela Vargas,C01,3.7,2
3744,Isabella Cabrera,C01,2.1,7
3946,Santiago Gomez,C03,4.2,13
2375,Juan Gomez,C04,3.8,13
93,Mariana Mendoza,C04,2.5,0
4666,Daniela Herrera,C01,2.3,14
4973,Sebastian Martinez,C03,5.0,11
3862,Daniela Gomez,C02,3.4,12
2954,Laura Rincon,C01,2.8,17
626,Camila Rincon,C01,2.8,5
4455,Laura Nieto,C04,4.7,15
3252,Ana Rincon,C03,4.6,10
2243,Luis Herrera,C05,3.9,6
1381,Santiago Vargas,C01,3.0,7
3462,Tomas Pardo,C03,4.8,14
3204,Carlos Mendoza,C05,4.9,17
4053,Mariana Silva,C02,4.0,7
1135,Mateo Duran,C03,3.0,16
1527,Mateo Ospina,C03,4.9,2
1485,Carlos Rincon,C02,3.5,12
4295,Felipe Rojas,C03,3.7,5
4815,Camila Mendoza,C05,4.4,2
1707,Alejandra Nieto,C03,4.2,7
1366,Camila Ospina,C05,5.0,0
3314,Alejandra Gomez,C01,3.0,19
4014,Mateo Herrera,C05,4.3,6
2317,Miguel Rincon,C04,3.9,5
902,Sara Castro,C02,3.9,11
1503,Camila Herrera,C03,3.2,17
675,Ana Rojas,C04,2.3,3
3085,Juan Beltran,C02,3.9,17
4704,Santiago Nieto,C05,3.7,4
4267,Sofia Mendoza,C01,4.9,1
370,Valeria Gomez,C05,2.8,2
47,Santiago Vargas,C01,1.3,6
990,Nicolas Vargas,C01,3.1,20
1473,Gabriela Salazar,C03,,2
1403,Sara Vargas,C02,3.2,5
2695,Miguel Castro,C05,4.7,1
3381,Sofia Pardo,C02,3.4,13
4329,Miguel Martinez,C02,4.3,16
1180,Alejandra Silva,C03,5.0,2
4217,Sara Duran,C05,3.1,0
1574,Alejandra Martinez,C03,4.8,15
1160,Laura Mendoza,C02,5.0,7
3373,Miguel Silva,C03,4.7,20
2429,Camila Mendoza,C03,4.5,16
741,Andres Duran,C01,3.4,12
2275,Gabriela Beltran,C05,4.0,10
3588,Luis Cabrera,C02,4.1,8
3171,Sofia Beltran,C05,4.5,18
1040,Daniela Ospina,C03,4.5,14
4507,Ana Martinez,C02,3.5,2
2201,Nicolas Vargas,C03,4.8,5
1710,Andres Beltran,C03,3.6,8
115,Mateo Beltran,C04,3.1,17
4110,Gabriela Vargas,C03,5.0,17
3907,Sebastian Beltran,C04,2.9,17
853,Sebastian Duran,C03,3.5,2
3832,Ana Silva,C03,4.0,11
3696,Tomas Nieto,C02,3.6,1
4184,Luis Herrera,C02,3.8,1
4147,Nicolas Silva,C01,3.6,5
4485,Carlos Cabrera,C03,5.0,8
278,Diego Herrera,C03,3.3,15
919,Andres Silva,C04,4.6,1
3995,Nicolas Martinez,C03,3.9,11
289,Gabriela Beltran,C02,4.2,14
2277,Daniela Pardo,C03,5.0,20
3206,Mariana Salazar,C05,4.2,4
2594,Mateo Silva,C04,4.0,2
292,Sara Beltran,C01,2.1,4
399,Laura Pardo,C02,3.4,15
4891,Andres Herrera,C02,4.2,14
2683,Luis Cabrera,C05,2.5,15
146,Santiago Pardo,C03,4.2,6
4718,Ana Castro,C04,3.0,1
2156,Camila Gomez,C03,4.7,2
4481,Felipe Silva,C03,,16
4821,Sebastian Herrera,C04,3.8,10
1084,Tomas Rincon,C05,3.3,18
4785,Sebastian Herrera,C04,3.5,17
364,Mateo Beltran,C03,4.8,13
2860,Camila Ospina,C04,3.5,1
2150,Gabriela Ospina,C03,3.3,10
2665,Tomas Mendoza,C01,4.1,4
2374,Sara Castro,C04,3.1,3
1911,Paula Rincon,C03,3.3,15
2177,Gabriela Silva,C03,4.4,1
4162,Mateo Castro,C02,3.9,9
3939,Luis Vargas,C04,2.2,11
611,Paula Beltran,C01,3.2,4
3593,Sofia Ospina,C02,4.8,9
3999,Sofia Gomez,C02,3.4,13
1076,Mariana Castro,C01,3.8,4
17,Juan Gomez,C03,4.0,11
2691,Carlos Pardo,C02,4.1,17
4970,Laura Castro,C05,4.4,2
95,Laura Mendoza,C04,3.4,6
1337,Juan Vargas,C02,4.1,17
2603,Sara Pardo,C01,3.0,2
3628,Alejandra Rojas,C05,3.1,6
4836,Diego Salazar,C04,3.0,17
1690,Valeria Castro,C01,2.8,1
4601,Valeria Herrera,C02,3.7,15
3283,Sara Duran,C02,4.0,5
498,Valeria Pardo,C04,1.9,16
4530,Alejandra Martinez,C02,2.3,18
1870,Nicolas Martinez,C02,3.7,7
4945,Isabella Mendoza,C01,2.8,18
2411,Sofia Pardo,C02,4.1,16
3729,Ana Herrera,C03,4.7,10
4712,Nicolas Beltran,C01,4.6,6
933,Isabella Ospina,C01,4.0,10
4016,Laura Ospina,C04,2.8,4
422,Carlos Silva,C05,3.4,16
1104,Daniela Salazar,C01,3.3,15
4667,Santiago Martinez,C03,4.8,0
173,Nicolas Beltran,C01,3.3,3
1411,Miguel Mendoza,C04,2.9,2
1417,Daniela Silva,C04,2.5,20
3529,Alejandra Rincon,C01,1.2,17
2975,Diego Mendoza,C04,,13
4222,Carlos Gomez,C05,4.0,2
1938,Mariana Silva,C04,,4
2466,Laura Silva,C01,2.3,19
3018,Juan Salazar,C01,3.9,5
2792,Miguel Silva,C05,3.6,5
447,Diego Herrera,C02,4.4,12
1230,Nicolas Beltran,C02,3.1,15
588,Sara Silva,C02,,4
4998,Sara Silva,C01,3.3,6
4270,Isabella Nieto,C03,4.6,7
884,Tomas Castro,C05,4.8,16
4167,Laura Castro,C05,4.3,1
2583,Tomas Castro,C01,2.5,0
1674,Felipe Ospina,C01,2.2,6
3147,Mateo Pardo,C02,3.6,8
1352,Carlos Mendoza,C02,4.7,14
2316,Mariana Gomez,C01,,4
3037,Ana Beltran,C04,4.3,3
3487,Felipe Pardo,C04,4.2,14
2523,Alejandra Beltran,C02,2.5,11
3493,Sebastian Ospina,C02,2.6,20
4029,Valeria Nieto,C03,4.2,19
1068,Sebastian Pardo,C03,3.9,13
396,Nicolas Martinez,C02,3.5,11
3614,Miguel Nieto,C02,2.5,11
1409,Alejandra Castro,C05,3.2,17
673,Paula Ospina,C04,4.3,11
4969,Isabella Pardo,C04,2.6,4
1605,Diego Herrera,C05,5.0,12
4591,Valeria Silva,C05,4.3,20
2001,Valeria Ospina,C04,3.8,17
2476,Tomas Martinez,C04,3.1,12
2182,Sara Pardo,C05,3.3,17
3658,Paula Vargas,C02,4.0,14
3118,Tomas Duran,C02,3.6,19
1988,Mateo Pardo,C04,4.2,8
4576,Tomas Rincon,C04,3.6,15
4843,Tomas Ospina,C05,4.8,19
4558,Carlos Rincon,C04,3.4,7
4509,Luis Pardo,C01,3.0,2
1520,Felipe Rincon,C04,2.3,11
1057,Sofia Beltran,C01,2.8,4
3882,Miguel Beltran,C05,3.2,17
1994,Daniela Martinez,C04,2.4,6
701,Diego Pardo,C02,4.0,1
4317,Juan Duran,C04,3.9,12
414,Juan Duran,C02,4.5,2
148,Juan Rincon,C02,4.8,11
269,Sara Pardo,C02,4.2,19
1116,Nicolas Gomez,C02,3.3,5
541,Nicolas Silva,C04,2.8,19
1277,Nicolas Silva,C05,4.4,16
3090,Sebastian Pardo,C04,2.8,20
274,Miguel Mendoza,C02,3.7,4
2085,Daniela Mendoza,C01,3.1,5
4121,Sebastian Ospina,C05,4.9,7
1732,Carlos Nieto,C02,3.4,11
4194,Gabriela Duran,C03,4.3,1
1604,Sofia Silva,C03,5.0,3
3539,Santiago Beltran,C03,5.0,19
4653,Andres Pardo,C01,1.3,2
1805,Camila Rojas,C05,4.5,1
4896,Isabella Castro,C02,4.1,19
4012,Sara Pardo,C05,4.7,8
342,Luis Pardo,C04,3.7,0
4020,Nicolas Silva,C05,3.8,1
796,Alejandra Mendoza,C02,,14
598,Sara Cabrera,C04,3.6,20
479,Juan Ospina,C03,4.3,1
4660,Sebastian Duran,C03,4.2,18
4298,Miguel Castro,C02,4.8,7
1083,Diego Herrera,C04,2.9,19
134,Ana Cabrera,C02,3.5,9
64,Paula Gomez,C04,3.7,16
1325,Sara Salazar,C05,4.8,6
4164,Ana Martinez,C01,3.3,0
3606,Tomas Gomez,C02,3.1,3
2000,Nicolas Herrera,C02,2.8,20
2773,Sebastian Cabrera,C03,3.8,15
3064,Sebastian Cabrera,C03,3.2,20
298,Gabriela Martinez,C02,2.8,1
3226,Nicolas Gomez,C05,5.0,0
1398,Sara Martinez,C04,4.3,6
86,Laura Martinez,C01,3.0,18
3102,Felipe Herrera,C03,5.0,16
4451,Luis Herrera,C01,3.0,20
2518,Juan Nieto,C02,3.1,18
1510,Carlos Rincon,C04,2.5,13
449,Juan Salazar,C02,4.2,0
351,Santiago Mendoza,C04,3.8,8
3762,Sofia Castro,C05,3.8,20
3473,Sara Rojas,C05,2.7,4
3586,Carlos Nieto,C04,4.1,2
530,Laura Ospina,C02,4.7,5
4030,Tomas Rojas,C01,4.5,9
4680,Daniela Ospina,C03,4.8,4
3682,Valeria Herrera,C05,3.4,17
3409,Sara Rincon,C04,3.8,12
2833,Camila Cabrera,C05,4.6,1
1720,Luis Herrera,C03,4.5,19
3609,Sebastian Silva,C05,4.3,18
1702,Alejandra Martinez,C05,3.7,14
4268,Daniela Beltran,C05,4.4,3
4896,Isabella Castro,C02,4.1,19
2898,Santiago Cabrera,C01,,9
3719,Alejandra Duran,C02,3.9,0
3632,Sebastian Vargas,C05,3.5,9
211,Juan Beltran,C05,3.9,0
613,Sofia Cabrera,C01,2.9,10
4540,Sofia Nieto,C03,3.8,4
642,Diego Mendoza,C02,3.9,0
513,Andres Rincon,C05,3.4,19
1967,Isabella Rincon,C05,2.8,11
4724,Diego Pardo,C01,3.5,11
2413,Sofia Mendoza,C03,3.4,16
4814,Miguel Beltran,C03,4.5,16
4651,Juan Pardo,C05,4.1,17
1184,Laura Nieto,C04,3.1,16
1312,Mateo Martinez,C01,3.7,13
484,Luis Cabrera,C01,2.7,2
649,Santiago Cabrera,C05,,7
964,Luis Cabrera,C03,3.4,8
4274,Mariana Martinez,C01,3.8,9
4857,Luis Martinez,C05,4.7,18
4892,Ana Rincon,C04,3.2,3
1743,Camila Beltran,C05,4.8,11
3500,Carlos Cabrera,C03,5.0,5
3160,Santiago Cabrera,C01,,9
4411,Ana Silva,C04,3.1,2
384,Mariana Ospina,C01,3.6,19
3532,Miguel Castro,C02,2.3,16
1430,Daniela Ospina,C01,2.9,7
600,Sofia Rincon,C02,4.4,4
3236,Tomas Pardo,C02,3.4,4
4868,Paula Pardo,C03,3.9,10
279,Juan Silva,C04,3.2,12
3808,Miguel Cabrera,C03,5.0,12
4579,Gabriela Nieto,C03,4.6,7
2551,Mateo Castro,C03,3.8,4
4845,Andres Martinez,C03,4.9,7
4520,Sara Rojas,C02,3.3,19
3459,Sofia Gomez,C02,4.7,19
387,Carlos Rojas,C01,2.6,16
2664,Juan Pardo,C05,4.9,11
2209,Andres Vargas,C03,2.6,15
1850,Alejandra Mendoza,C05,5.0,5
3345,Sara Rincon,C02,3.8,1
3896,Nicolas Mendoza,C04,2.0,1
3450,Alejandra Mendoza,C05,3.4,9
303,Sebastian Castro,C04,3.1,13
601,Diego Vargas,C05,4.0,1
1336,Sofia Rincon,C05,5.0,10
3876,Paula Ospina,C02,3.3,17
1779,Gabriela Martinez,C05,3.6,3
372,Carlos Vargas,C01,2.6,19
4378,Santiago Beltran,C02,3.8,17
567,Diego Martinez,C01,2.6,5
2585,Daniela Herrera,C03,5.0,3
880,Paula Cabrera,C01,,4
1096,Paula Herrera,C05,3.3,14
778,Sebastian Pardo,C05,3.9,5
196,Tomas Pardo,C05,4.3,15
500,Miguel Martinez,C05,4.3,19
4457,Alejandra Rojas,C04,2.9,2
4300,Diego Mendoza,C02,4.3,11
1837,Sebastian Pardo,C03,5.0,13
3502,Sebastian Beltran,C03,4.4,19
2644,Andres Castro,C03,5.0,15
683,Valeria Vargas,C01,3.1,1
4394,Camila Rojas,C03,5.0,13
385,Luis Pardo,C03,3.4,16
1054,Sofia Gomez,C01,3.8,3
4276,Nicolas Nieto,C05,3.7,2
1885,Miguel Castro,C05,4.6,2
1920,Tomas Castro,C02,3.9,5
20,Nicolas Ospina,C04,3.8,13
3521,Valeria Castro,C03,4.5,0
4608,Mateo Silva,C01,3.2,0
4006,Laura Mendoza,C01,3.0,2
2982,Camila Castro,C04,3.2,16
1505,Daniela Salazar,C05,4.6,17
4156,Felipe Pardo,C04,2.8,5
2385,Camila Pardo,C01,2.8,2
3559,Laura Salazar,C05,5.0,12
4887,Santiago Mendoza,C03,4.5,6
599,Paula Cabrera,C01,3.6,15
1444,Diego Ospina,C01,3.2,17
1497,Felipe Salazar,C02,3.2,11
882,Diego Salazar,C01,2.9,13
3725,Paula Duran,C03,4.1,14
1249,Sara Pardo,C01,1.9,18
2635,Tomas Nieto,C04,4.6,18
4559,Andres Rincon,C01,2.9,10
1975,Nicolas Beltran,C02,2.8,14
2574,Santiago Vargas,C05,3.7,2
1232,Luis Duran,C02,3.4,8
2521,Andres Vargas,C01,2.4,17
556,Mateo Herrera,C02,4.7,0
4640,Valeria Ospina,C01,2.7,2
2424,Daniela Nieto,C05,4.0,2
3416,Carlos Rincon,C01,3.0,12
858,Nicolas Pardo,C04,2.7,12
3115,Juan Cabrera,C01,3.5,16
4117,Gabriela Mendoza,C01,3.7,0
3938,Sara Ospina,C03,4.6,2
2043,Santiago Duran,C04,2.6,12
4350,Mariana Beltran,C01,3.6,19
3844,Miguel Rojas,C02,4.1,12
2154,Andres Duran,C05,2.7,2
2718,Gabriela Mendoza,C03,5.0,11
2775,Mateo Mendoza,C03,3.1,17
2137,Laura Ospina,C02,3.8,5
2410,Juan Castro,C01,3.2,5
3702,Sebastian Herrera,C04,3.7,4
988,Juan Duran,C03,3.3,10
2848,Santiago Cabrera,C02,4.6,7
1978,Isabella Duran,C02,,12
2569,Juan Cabrera,C04,3.1,9
2732,Nicolas Cabrera,C01,2.6,7
3668,Alejandra Salazar,C05,3.3,5
127,Diego Pardo,C05,5.0,4
3056,Nicolas Herrera,C01,3.0,2
841,Mateo Vargas,C02,3.7,14
1838,Felipe Nieto,C04,4.3,14
2844,Alejandra Nieto,C04,2.9,11
4434,Ana Pardo,C05,3.9,6
2513,Paula Ospina,C02,3.4,9
3914,Sebastian Herrera,C02,4.3,12
2845,Isabella Cabrera,C01,3.0,2
1639,Carlos Nieto,C02,4.2,19
3687,Isabella Silva,C02,3.8,2
4191,Carlos Cabrera,C03,5.0,10
1073,Camila Rincon,C01,,20
1653,Luis Castro,C05,3.3,18
4649,Miguel Beltran,C01,3.0,12
830,Sofia Vargas,C01,2.9,10
4819,Valeria Herrera,C05,3.7,10
4855,Daniela Pardo,C01,3.4,4
4918,Tomas Duran,C05,4.9,7
735,Valeria Pardo,C04,3.1,19
1077,Carlos Rojas,C03,3.2,1
1830,Laura Rincon,C03,3.1,8
3917,Alejandra Rincon,C01,2.8,12
1525,Felipe Duran,C03,5.0,13
3348,Luis Castro,C01,2.0,18
2634,Juan Vargas,C02,5.0,4
1998,Sofia Beltran,C05,4.3,15
358,Sara Silva,C03,2.6,16
3384,Daniela Cabrera,C03,4.5,18
3571,Sofia Beltran,C03,3.6,19
2249,Sebastian Vargas,C04,4.4,10
2252,Sara Gomez,C03,3.2,0
160,Andres Mendoza,C04,3.4,14
866,Daniela Nieto,C03,3.2,7
3770,Santiago Rincon,C01,2.1,13
4575,Sofia Silva,C05,3.5,19
4246,Santiago Silva,C05,5.0,1
4510,Valeria Duran,C01,1.5,6
2541,Sara Salazar,C03,4.4,1
3300,Santiago Cabrera,C05,4.3,2
4330,Valeria Cabrera,C05,4.7,13
360,Andres Mendoza,C02,4.5,6
2274,Diego Duran,C01,2.8,14
4412,Mariana Mendoza,C05,5.0,10
2229,Alejandra Beltran,C01,3.0,4
1182,Camila Beltran,C03,4.6,19
2911,Miguel Mendoza,C01,2.6,14
3513,Sebastian Nieto,C04,2.5,8
4492,Carlos Ospina,C05,3.4,6
918,Tomas Beltran,C01,2.4,12
3108,Luis Herrera,C04,2.5,6
3268,Alejandra Silva,C04,2.8,9
3173,Mariana Nieto,C01,3.0,10
3400,Mateo Herrera,C04,4.4,12
3831,Miguel Silva,C02,4.9,19
1148,Gabriela Nieto,C01,3.0,0
3257,Luis Duran,C01,2.2,9
1882,Santiago Herrera,C01,2.3,0
3807,Sara Herrera,C03,4.3,4
4446,Mariana Salazar,C04,4.1,19
250,Valeria Rincon,C05,3.9,10
4776,Mariana Cabrera,C04,3.7,1
4348,Ana Martinez,C01,3.0,12
99,Sebastian Pardo,C01,2.1,15
4036,Miguel Gomez,C04,4.7,14
4321,Sofia Mendoza,C01,2.5,5
2894,Diego Rincon,C05,3.8,5
2251,Andres Vargas,C01,2.1,6
4139,Juan Salazar,C01,3.2,20
3540,Isabella Salazar,C01,4.2,6
1118,Mateo Pardo,C01,3.9,20
1306,Isabella Cabrera,C03,,3
4176,Laura Gomez,C02,4.4,15
3573,Sara Vargas,C02,3.7,16
3932,Paula Vargas,C05,4.0,4
3215,Laura Vargas,C04,2.7,12
568,Laura Ospina,C01,3.3,1
46,Ana Gomez,C02,2.1,20
1728,Mateo Gomez,C05,3.8,9
3804,Daniela Beltran,C02,4.4,15
116,Andres Beltran,C02,3.5,9
83,Nicolas Duran,C01,2.8,9
2965,Mateo Castro,C01,2.9,6
3752,Ana Ospina,C05,4.4,10
4794,Gabriela Nieto,C01,3.1,15
3842,Alejandra Cabrera,C03,4.7,4
3888,Ana Gomez,C05,4.4,11
1025,Isabella Nieto,C03,4.8,13
4499,Miguel Cabrera,C02,3.9,12
3079,Sofia Beltran,C02,5.0,9
2591,Valeria Pardo,C04,4.0,5
833,Laura Silva,C01,2.1,10
1827,Paula Cabrera,C03,3.5,18
3046,Miguel Martinez,C05,3.7,3
4685,Diego Mendoza,C05,3.8,5
3337,Juan Gomez,C01,1.9,16
3093,Isabella Beltran,C03,4.5,8
2830,Daniela Ospina,C05,3.8,3
2032,Daniela Nieto,C05,4.9,20
3512,Juan Rojas,C05,4.6,10
3504,Sofia Gomez,C05,3.8,1
1006,Diego Nieto,C04,3.6,9
2301,Luis Ospina,C02,4.3,12
4678,Sara Rincon,C03,5.0,1
4957,Paula Mendoza,C04,3.0,9
182,Carlos Nieto,C01,2.5,6
2737,Luis Silva,C05,4.6,16
3933,Ana Duran,C05,3.2,13
3621,Diego Gomez,C01,2.2,7
3109,Camila Duran,C04,4.7,15
4091,Sofia Rincon,C02,4.6,10
3960,Luis Mendoza,C04,1.2,16
1697,Daniela Herrera,C02,3.0,6
4001,Diego Ospina,C04,3.3,16
2271,Sara Herrera,C02,2.9,14
3477,Carlos Nieto,C02,2.1,12
3671,Diego Duran,C03,3.5,0
1552,Paula Cabrera,C02,4.0,15
784,Diego Cabrera,C02,4.1,3
1214,Camila Duran,C04,3.4,0
4882,Mateo Gomez,C05,2.8,8
1880,Isabella Beltran,C04,4.9,16
4261,Mariana Silva,C01,2.5,2
3239,Santiago Salazar,C04,3.4,7
1735,Ana Salazar,C01,2.3,0
3004,Sara Rojas,C03,,17
2027,Gabriela Pardo,C02,4.5,2
4938,Sebastian Mendoza,C05,4.1,9
3717,Andres Beltran,C02,,0
3438,Juan Gomez,C05,3.0,12
1493,Ana Duran,C02,3.9,16
253,Tomas Duran,C02,3.5,11
552,Diego Nieto,C01,2.8,12
2885,Miguel Castro,C04,2.8,10
2854,Sofia Beltran,C01,2.7,2
1664,Laura Castro,C02,4.3,14
4683,Gabriela Herrera,C05,3.4,5
2174,Paula Rojas,C02,3.3,0
2955,Mateo Herrera,C04,2.3,16
425,Laura Castro,C03,,20
1539,Alejandra Rincon,C05,3.6,15
3591,Alejandra Duran,C05,4.2,12
2397,Isabella Rojas,C02,4.1,17
2268,Felipe Rincon,C02,3.9,15
2345,Alejandra Silva,C02,4.2,8
1845,Gabriela Rojas,C05,4.2,12
267,Miguel Gomez,C05,3.5,11
4837,Valeria Duran,C05,3.1,6
261,Mariana Pardo,C05,4.6,10
2119,Diego Salazar,C04,5.0,4
4596,Alejandra Duran,C03,4.6,17
639,Valeria Beltran,C01,3.3,17
1742,Paula Cabrera,C01,3.5,6
999,Valeria Rojas,C04,3.8,2
2640,Luis Martinez,C04,3.4,9
4554,Diego Martinez,C02,3.6,9
3830,Ana Duran,C01,3.2,20
4997,Isabella Silva,C02,4.1,13
4187,Ana Salazar,C03,5.0,10
1245,Felipe Ospina,C05,4.7,0
681,Daniela Beltran,C01,3.3,11
4656,Andres Rojas,C04,2.8,17
870,Sebastian Rojas,C03,4.3,5
1167,Paula Silva,C01,2.6,3
1683,Diego Martinez,C03,3.8,10
4177,Tomas Castro,C02,4.4,10
1397,Sebastian Vargas,C01,2.5,19
3558,Carlos Martinez,C03,4.8,17
828,Sofia Gomez,C01,3.0,2
392,Nicolas Herrera,C04,2.8,15
383,Daniela Rincon,C01,3.0,1
2890,Mateo Mendoza,C04,3.1,11
4713,Nicolas Martinez,C02,2.2,15
3169,Nicolas Salazar,C05,3.2,5
336,Camila Castro,C03,4.7,0
3898,Felipe Pardo,C05,4.4,4
595,Felipe Ospina,C03,5.0,12
3168,Carlos Vargas,C04,2.2,13
4352,Tomas Cabrera,C02,4.3,11
1908,Sara Rojas,C03,4.7,10
2831,Mariana Herrera,C03,4.7,8
3870,Gabriela Gomez,C03,4.9,7
3080,Mateo Vargas,C02,3.6,12
4897,Nicolas Pardo,C03,4.9,11
3769,Luis Nieto,C03,4.2,7
2467,Felipe Gomez,C04,3.4,20
818,Santiago Nieto,C05,4.1,7
3935,Carlos Beltran,C01,3.4,9
48,Laura Vargas,C01,2.6,7
4269,Ana Nieto,C03,3.5,18
4417,Mateo Ospina,C03,3.3,14
1775,Miguel Ospina,C05,2.4,9
3072,Sofia Duran,C05,4.3,10
4665,Mariana Duran,C04,2.9,4
156,Paula Salazar,C03,4.4,19
2561,Luis Herrera,C02,3.9,6
3256,Diego Nieto,C04,2.8,6
2891,Santiago Rojas,C01,3.8,7
1606,Miguel Rojas,C01,3.2,11
4364,Juan Nieto,C04,,0
1996,Gabriela Duran,C04,2.7,15
3820,Felipe Gomez,C05,3.9,13
1997,Laura Rincon,C04,3.5,17
4327,Sofia Beltran,C04,3.5,7
2701,Luis Ospina,C02,3.7,2
1275,Laura Cabrera,C03,4.4,5
4254,Juan Nieto,C05,4.0,11
874,Juan Martinez,C02,4.0,15
1299,Ana Rojas,C01,2.1,4
4955,Miguel Beltran,C02,4.5,15
4984,Miguel Rojas,C03,4.9,1
4513,Andres Gomez,C03,4.5,12
4062,Ana Beltran,C05,4.3,20
936,Mateo Cabrera,C04,2.9,0
3774,Nicolas Mendoza,C05,4.4,4
2134,Tomas Rincon,C05,3.6,6
2443,Juan Silva,C03,3.6,7
1748,Ana Martinez,C03,3.1,12
105,Juan Mendoza,C05,3.9,15
2338,Alejandra Ospina,C04,3.6,3
1334,Juan Nieto,C03,5.0,3
4501,Miguel Cabrera,C01,2.9,8
2486,Carlos Castro,C01,2.3,18
4767,Luis Gomez,C05,5.0,2
4676,Alejandra Gomez,C05,4.1,5
3347,Mateo Castro,C05,3.0,8
590,Ana Vargas,C03,,8
1892,Isabella Mendoza,C03,5.0,3
4229,Luis Gomez,C01,3.3,15
2820,Camila Duran,C03,3.4,20
171,Luis Vargas,C02,5.0,10
969,Sara Silva,C01,3.6,0
2871,Mariana Mendoza,C01,2.8,12
404,Daniela Nieto,C03,4.8,0
2788,Gabriela Cabrera,C05,3.1,2
4698,Sara Nieto,C05,4.6,17
3766,Gabriela Rojas,C01,3.7,1
2041,Andres Herrera,C02,3.2,19
1550,Sofia Castro,C05,3.5,14
655,Mateo Rojas,C04,4.3,18
827,Nicolas Cabrera,C01,2.9,8
767,Sofia Silva,C01,2.6,15
2326,Isabella Mendoza,C02,4.2,0
3980,Mateo Beltran,C03,5.0,13
3011,Diego Cabrera,C05,4.2,17
2855,Diego Gomez,C04,3.0,18
1500,Gabriela Vargas,C02,3.9,17
3758,Juan Rojas,C01,3.5,1
906,Andres Gomez,C03,4.2,4
2206,Mateo Beltran,C01,3.4,19
4393,Daniela Ospina,C05,3.7,15
2432,Camila Vargas,C05,,12
264,Santiago Castro,C05,3.0,10
1358,Felipe Cabrera,C02,4.3,14
2817,Ana Cabrera,C04,3.3,10
1144,Diego Duran,C04,3.4,15
3610,Luis Martinez,C05,4.3,16
2726,Gabriela Salazar,C04,3.9,0
997,Nicolas Cabrera,C04,3.6,20
439,Daniela Nieto,C02,3.5,18
732,Valeria Vargas,C05,4.0,18
4822,Carlos Martinez,C03,5.0,12
2584,Alejandra Salazar,C02,4.4,4
4667,Santiago Martinez,C03,4.8,0
3501,Miguel Duran,C05,4.5,4
4105,Paula Rincon,C03,4.2,4
1810,Sebastian Cabrera,C04,2.8,2
2016,Nicolas Beltran,C05,4.6,16
597,Sofia Martinez,C03,4.7,12
922,Felipe Salazar,C02,2.8,6
1508,Daniela Cabrera,C01,2.0,13
4154,Sofia Rojas,C01,2.7,6
4763,Juan Martinez,C04,3.1,9
3107,Isabella Rincon,C05,5.0,7
3059,Isabella Castro,C02,,11
3760,Laura Vargas,C05,5.0,18
4674,Sofia Beltran,C05,4.3,13
2365,Felipe Duran,C05,2.9,16
4372,Gabriela Beltran,C04,3.7,6
3040,Ana Martinez,C01,3.4,14
2929,Tomas Ospina,C03,2.8,0
1771,Diego Beltran,C02,3.9,9
3228,Camila Herrera,C01,3.1,2
1695,Carlos Ospina,C04,3.3,10
2619,Juan Rincon,C05,4.1,16
1338,Isabella Ospina,C03,4.2,2
3012,Diego Gomez,C01,3.2,6
2183,Nicolas Nieto,C04,3.0,0
1929,Daniela Beltran,C04,4.1,4
1727,Alejandra Rojas,C02,4.1,2
2580,Isabella Gomez,C04,,4
3069,Valeria Martinez,C05,,9
3962,Sofia Rincon,C02,4.1,19
3442,Valeria Vargas,C03,5.0,0
428,Diego Mendoza,C02,4.0,18
2145,Andres Vargas,C01,3.2,15
1818,Santiago Martinez,C01,2.5,12
4764,Daniela Ospina,C05,4.3,5
1140,Sebastian Duran,C04,4.5,10
2367,Tomas Castro,C03,,4
4946,Alejandra Martinez,C02,2.9,2
3248,Miguel Gomez,C03,3.8,16
3380,Nicolas Cabrera,C01,3.5,15
1207,Laura Mendoza,C02,3.6,3
1134,Camila Martinez,C02,3.4,18
3159,Carlos Herrera,C03,5.0,15
1548,Santiago Castro,C02,3.9,3
1460,Diego Herrera,C03,3.5,20
3601,Alejandra Rojas,C04,3.5,5
694,Felipe Cabrera,C01,4.2,3
892,Felipe Castro,C02,3.6,6
2949,Isabella Salazar,C04,,11
2044,Diego Silva,C02,3.2,7
503,Gabriela Pardo,C01,1.9,11
1384,Carlos Beltran,C05,4.5,2
3887,Camila Gomez,C01,3.5,11
913,Nicolas Gomez,C01,1.9,10
4587,Sara Gomez,C02,2.6,17
1682,Andres Silva,C03,3.7,10
1287,Mateo Ospina,C04,3.2,1
407,Diego Duran,C03,5.0,13
1112,Isabella Mendoza,C04,4.2,10
4476,Alejandra Cabrera,C03,3.5,18
3476,Camila Rincon,C04,2.7,9
1238,Carlos Duran,C05,4.8,3
3626,Carlos Nieto,C03,5.0,7
4442,Laura Pardo,C03,4.7,14
3177,Camila Vargas,C02,4.0,16
864,Felipe Rojas,C03,4.1,10
367,Sara Martinez,C03,3.5,7
4357,Laura Martinez,C01,1.8,11
33,Ana Herrera,C05,3.3,2
2808,Diego Duran,C04,3.7,16
4054,Laura Rojas,C04,3.0,13
3311,Nicolas Martinez,C01,2.8,16
4171,Santiago Silva,C02,5.0,14
1645,Mariana Duran,C03,4.3,2
3670,Luis Rojas,C01,4.4,4
4547,Miguel Rojas,C04,3.1,10
2858,Nicolas Nieto,C02,4.2,10
4738,Ana Pardo,C04,4.1,20
1032,Juan Gomez,C02,5.0,16
3356,Sofia Salazar,C01,2.6,7
3825,Sofia Silva,C04,2.8,5
2162,Laura Pardo,C04,4.2,5
2311,Juan Beltran,C05,2.9,14
2856,Alejandra Gomez,C01,2.4,0
2382,Tomas Mendoza,C05,4.4,18
291,Ana Gomez,C02,3.2,10
2829,Luis Salazar,C04,4.3,5
770,Tomas Pardo,C04,3.1,14
3927,Camila Nieto,C05,3.0,18
4103,Luis Cabrera,C01,2.4,20
4401,Nicolas Duran,C01,4.7,17
743,Nicolas Martinez,C05,3.1,17
1840,Camila Silva,C03,5.0,12
106,Ana Castro,C04,,15
4150,Laura Castro,C01,2.7,15
4441,Felipe Rojas,C02,4.2,13
1676,Ana Salazar,C03,3.1,15
674,Sebastian Nieto,C03,4.7,1
1239,Isabella Salazar,C02,4.0,13
4004,Sofia Cabrera,C02,3.3,14
13,Sebastian Martinez,C02,4.5,18
3393,Sebastian Rincon,C02,3.6,12
1918,Sebastian Herrera,C03,4.1,16
2969,Nicolas Rincon,C02,4.8,4
3666,Paula Cabrera,C05,3.6,6
3988,Carlos Gomez,C05,4.1,4
49,Valeria Rojas,C05,3.6,11
4980,Paula Pardo,C03,4.7,5
4893,Ana Beltran,C01,3.4,9
1897,Daniela Rojas,C05,4.5,9
1890,Andres Nieto,C03,4.2,3
2905,Laura Nieto,C01,2.7,6
697,Valeria Cabrera,C03,5.0,9
3779,Andres Mendoza,C03,4.1,4
2170,Santiago Vargas,C05,2.6,1
2453,Mariana Gomez,C03,3.1,16
2309,Carlos Mendoza,C05,4.0,19
4275,Laura Rojas,C05,2.3,15
4695,Mariana Cabrera,C01,3.2,18
4989,Santiago Rojas,C01,2.7,2
2198,Ana Silva,C04,3.6,17
217,Camila Silva,C01,2.1,16
2292,Camila Beltran,C02,4.4,1
764,Laura Gomez,C03,3.7,6
532,Sara Pardo,C03,4.4,1
3246,Andres Rincon,C01,3.4,20
2171,Felipe Salazar,C03,4.7,9
4368,Luis Vargas,C04,2.4,17
421,Nicolas Silva,C05,2.7,13
2978,Valeria Herrera,C04,3.6,0
4059,Juan Duran,C03,5.0,20
3541,Felipe Ospina,C05,3.8,15
4039,Nicolas Vargas,C02,3.2,9
3428,Sebastian Silva,C05,4.5,20
1546,Sofia Silva,C02,3.9,13
577,Tomas Beltran,C04,3.4,18
2124,Tomas Silva,C05,4.5,16
1600,Mariana Pardo,C02,3.6,0
4708,Andres Beltran,C03,3.7,2
1203,Tomas Nieto,C01,2.7,8
4067,Nicolas Salazar,C04,3.4,15
3771,Santiago Gomez,C02,4.3,1
2901,Santiago Rincon,C04,2.6,1
1687,Paula Vargas,C04,3.8,6
668,Diego Salazar,C02,3.4,19
4283,Felipe Gomez,C05,5.0,12
1365,Santiago Duran,C02,4.2,11
2508,Luis Herrera,C02,4.1,15
2187,Tomas Martinez,C04,3.3,7
834,Sara Beltran,C03,3.5,19
309,Camila Silva,C05,4.8,13
248,Andres Nieto,C05,3.9,20
4662,Gabriela Gomez,C01,3.9,17
1512,Nicolas Salazar,C02,4.3,11
30,Juan Beltran,C05,4.2,15
3885,Mariana Vargas,C01,4.6,5
3736,Ana Rincon,C01,3.3,1
2553,Juan Martinez,C01,2.9,14
2835,Andres Salazar,C02,4.4,18
760,Sara Rojas,C02,3.3,17
3439,Mariana Silva,C04,2.8,3
602,Nicolas Duran,C03,4.2,14
4992,Gabriela Ospina,C05,3.6,15
2362,Sofia Salazar,C04,3.3,15
1163,Mateo Salazar,C04,,8
3853,Ana Castro,C02,3.8,18
4224,Paula Martinez,C03,4.5,7
1860,Diego Gomez,C01,3.2,11
1324,Mariana Martinez,C04,3.5,17
2056,Juan Pardo,C03,5.0,2
3886,Isabella Rincon,C02,4.8,20
4944,Isabella Vargas,C02,3.9,11
2106,Daniela Silva,C04,3.8,15
4048,Valeria Rojas,C05,4.3,14
818,Santiago Nieto,C05,4.1,7
4710,Sebastian Cabrera,C05,2.5,18
2921,Mateo Herrera,C01,2.8,16
4682,Laura Ospina,C03,4.5,8
3505,Nicolas Duran,C03,2.5,18
3974,Mariana Salazar,C01,3.6,2
1459,Juan Duran,C04,3.5,9
1685,Paula Mendoza,C04,3.0,18
2617,Luis Salazar,C04,2.8,2
1190,Nicolas Beltran,C03,4.8,6
2897,Felipe Rincon,C04,3.8,10
2685,Alejandra Cabrera,C05,4.6,15
4593,Luis Herrera,C04,1.8,12
549,Camila Salazar,C02,2.5,12
3775,Diego Duran,C01,2.4,17
3386,Diego Martinez,C03,3.6,5
114,Camila Martinez,C05,3.3,13
470,Carlos Castro,C04,3.4,14
2080,Santiago Cabrera,C03,4.6,2
4916,Santiago Vargas,C05,3.6,9
4130,Sebastian Pardo,C02,3.8,4
1170,Isabella Silva,C05,3.0,10
2900,Diego Herrera,C05,4.1,8
2545,Sebastian Mendoza,C01,3.7,2
4094,Andres Duran,C05,3.4,17
1304,Isabella Rincon,C05,4.5,3
1803,Laura Cabrera,C01,2.3,16
4926,Daniela Nieto,C03,3.1,15
4803,Miguel Vargas,C04,2.5,14
793,Sebastian Rojas,C05,4.8,7
2257,Santiago Silva,C03,3.4,13
3235,Andres Cabrera,C05,3.8,16
4309,Mateo Duran,C05,3.8,9
945,Luis Vargas,C01,4.0,15
1721,Luis Salazar,C03,4.0,5
378,Sara Rojas,C05,4.2,1
772,Sebastian Duran,C03,4.7,0
4065,Nicolas Cabrera,C02,4.9,2
1152,Mateo Rojas,C04,2.2,13
1561,Paula Gomez,C01,2.7,8
4818,Sofia Cabrera,C03,3.6,7
3485,Isabella Beltran,C05,4.0,16
3649,Mateo Ospina,C04,3.6,7
1492,Nicolas Rojas,C02,3.9,8
548,Andres Castro,C02,3.7,11
3765,Mateo Vargas,C05,3.5,10
967,Laura Duran,C02,5.0,12
1058,Alejandra Rincon,C04,2.9,14
3062,Daniela Rincon,C04,1.7,2
178,Santiago Pardo,C02,3.3,12
2244,Camila Martinez,C02,2.7,4
221,Laura Mendoza,C04,4.5,3
3548,Isabella Castro,C03,3.9,15
987,Carlos Vargas,C01,2.6,17
3780,Sebastian Castro,C03,4.8,19
2348,Tomas Rojas,C04,2.4,6
3576,Sara Silva,C05,2.9,15
462,Nicolas Ospina,C02,3.4,1
1281,Valeria Salazar,C04,4.6,13
816,Paula Beltran,C01,2.7,20
660,Daniela Nieto,C03,3.7,7
2178,Mateo Mendoza,C03,4.4,6
4774,Felipe Herrera,C04,,20
3833,Paula Salazar,C04,3.0,2
3983,Sofia Nieto,C04,3.3,19
2350,Alejandra Nieto,C03,4.0,3
123,Luis Beltran,C02,3.3,11
3008,Luis Mendoza,C04,3.5,13
2433,Juan Rojas,C04,2.7,1
2245,Sebastian Beltran,C04,3.8,13
1854,Sebastian Martinez,C04,3.4,5
3044,Paula Beltran,C01,3.9,1
3608,Laura Rojas,C05,4.1,0
1768,Gabriela Salazar,C04,3.0,13
3394,Sofia Gomez,C02,5.0,2
4519,Sara Silva,C01,2.9,16
2168,Diego Pardo,C02,3.1,12
4664,Alejandra Duran,C03,4.9,8
2025,Santiago Herrera,C03,4.3,4
712,Gabriela Pardo,C01,2.4,16
161,Nicolas Pardo,C05,4.4,9
4759,Sebastian Rincon,C01,3.5,5
3829,Sofia Ospina,C03,2.8,5
2610,Isabella Silva,C02,3.6,1
4618,Camila Cabrera,C02,3.6,2
2066,Diego Rojas,C04,4.9,16
140,Andres Mendoza,C05,4.5,1
2573,Daniela Herrera,C03,3.9,18
4995,Diego Rojas,C02,3.2,20
4925,Luis Gomez,C04,3.7,16
5,Diego Rojas,C01,2.3,4
334,Miguel Vargas,C05,4.2,8
2790,Miguel Mendoza,C04,3.9,17
2310,Diego Cabrera,C01,,19
878,Sebastian Mendoza,C01,2.2,11
3497,Mateo Duran,C05,4.9,18
4947,Valeria Cabrera,C04,,10
4769,Sofia Castro,C04,3.2,2
2576,Santiago Nieto,C03,4.2,18
1719,Juan Pardo,C05,3.2,6
4746,Camila Gomez,C03,4.0,1
3162,Santiago Silva,C02,2.7,11
3756,Mariana Beltran,C04,3.0,1
3237,Luis Ospina,C02,3.1,16
2161,Laura Rojas,C02,3.9,16
2989,Daniela Herrera,C01,2.1,16
507,Sebastian Mendoza,C05,5.0,6
4179,Sofia Nieto,C05,3.7,5
2606,Laura Herrera,C04,2.8,3
3339,Alejandra Mendoza,C05,3.9,13
1050,Alejandra Silva,C05,3.1,2
3549,Carlos Rojas,C02,3.4,11
1812,Nicolas Beltran,C02,4.6,10
204,Tomas Salazar,C04,3.1,11
4131,Tomas Ospina,C03,3.6,14
844,Isabella Herrera,C04,3.6,19
2330,Felipe Vargas,C04,3.0,13
943,Felipe Silva,C02,4.0,12
58,Valeria Cabrera,C04,3.2,14
2883,Andres Duran,C01,2.7,20
3200,Mariana Herrera,C04,2.9,3
4753,Sofia Cabrera,C01,3.2,6
1458,Sara Gomez,C02,3.1,7
226,Diego Nieto,C05,3.6,20
4294,Camila Martinez,C03,3.8,17
2306,Carlos Rojas,C05,3.6,3
3466,Sebastian Castro,C01,3.6,7
4149,Alejandra Pardo,C04,3.2,10
3365,Nicolas Castro,C02,4.5,9
1598,Carlos Beltran,C01,2.6,18
4396,Valeria Martinez,C03,4.8,17
3550,Isabella Rojas,C01,3.7,18
2108,Camila Silva,C01,3.7,5
2672,Mariana Duran,C02,3.0,13
1844,Sara Mendoza,C04,3.8,8
2800,Ana Cabrera,C05,3.1,0
4190,Miguel Rojas,C03,4.5,8
2495,Felipe Beltran,C02,4.2,5
2903,Sara Nieto,C03,4.3,9
461,Nicolas Ospina,C01,4.1,5
2070,Sebastian Castro,C05,2.8,5
2069,Tomas Cabrera,C01,2.2,1
1106,Felipe Martinez,C02,3.8,13
2846,Sara Duran,C02,3.8,17
2195,Sara Martinez,C05,3.9,10
4120,Sara Duran,C02,5.0,13
2204,Miguel Ospina,C02,5.0,6
1518,Diego Mendoza,C02,3.9,14
2797,Diego Silva,C04,3.2,12
3419,Miguel Salazar,C04,3.1,2
3346,Daniela Pardo,C03,5.0,3
3555,Carlos Mendoza,C01,2.8,18
2057,Daniela Herrera,C01,3.2,2
4833,Mariana Herrera,C04,3.5,2
4927,Miguel Pardo,C05,3.0,2
4468,Mariana Duran,C04,,7
2710,Juan Herrera,C01,3.6,1
4140,Nicolas Salazar,C05,4.3,13
3890,Mariana Nieto,C04,4.6,2
2103,Isabella Vargas,C03,4.0,5
4445,Gabriela Cabrera,C03,4.3,12
753,Paula Ospina,C01,3.6,8
1852,Mariana Duran,C01,3.8,2
2850,Tomas Nieto,C02,4.6,3
4221,Andres Nieto,C03,,3
4409,Mariana Herrera,C01,3.5,6
1797,Andres Vargas,C01,3.3,12
1007,Laura Beltran,C04,3.5,6
1394,Sara Herrera,C01,2.6,15
1126,Valeria Silva,C05,4.8,7
774,Valeria Beltran,C01,3.0,1
3321,Miguel Castro,C02,5.0,15
2031,Sara Martinez,C03,5.0,16
2525,Laura Nieto,C03,5.0,4
3506,Daniela Vargas,C02,2.6,2
3398,Camila Silva,C03,3.2,2
4898,Santiago Pardo,C01,3.4,8
2470,Mateo Salazar,C04,3.1,10
2795,Alejandra Herrera,C03,5.0,0
4693,Camila Castro,C04,2.7,12
2805,Tomas Nieto,C03,4.0,0
2120,Camila Vargas,C01,3.4,14
2846,Sara Duran,C02,3.8,17
44,Valeria Rincon,C01,3.9,4
4504,Gabriela Rojas,C04,4.2,11
1091,Sara Mendoza,C01,2.1,4
3676,Camila Ospina,C02,5.0,15
1154,Carlos Herrera,C04,5.0,19
2895,Tomas Silva,C01,3.1,1
355,Juan Cabrera,C01,2.9,7
4806,Nicolas Vargas,C04,4.0,1
1174,Mateo Duran,C01,4.0,9
2153,Sebastian Herrera,C01,2.3,19
3173,Mariana Nieto,C01,3.0,10
3065,Miguel Ospina,C03,4.6,6
1187,Sara Silva,C04,3.1,14
800,Sara Beltran,C03,4.4,6
2979,Sebastian Duran,C02,3.9,18
2670,Laura Silva,C04,3.7,0
1393,Laura Salazar,C02,4.0,4
4964,Laura Castro,C04,3.9,20
4093,Santiago Castro,C04,3.5,3
4675,Miguel Mendoza,C02,,5
4205,Sofia Gomez,C01,2.7,13
113,Ana Nieto,C03,4.5,17
493,Juan Mendoza,C03,2.7,12
241,Ana Vargas,C05,4.2,1
1899,Mateo Ospina,C04,3.9,6
1156,Santiago Rincon,C01,3.1,20
4807,Carlos Beltran,C04,2.5,15
4311,Alejandra Rojas,C02,4.2,9
1179,Santiago Salazar,C03,4.6,17
3956,Sara Ospina,C04,4.4,10
311,Ana Ospina,C02,4.1,7
4018,Gabriela Beltran,C03,5.0,12
1609,Mariana Castro,C04,2.9,19
4003,Tomas Nieto,C03,4.5,1
637,Juan Castro,C04,2.8,2
2361,Santiago Rincon,C03,4.0,9
4076,Sebastian Ospina,C02,4.6,18
3943,Santiago Vargas,C02,4.2,11
4919,Camila Martinez,C04,4.6,20
3922,Mateo Rincon,C04,2.5,14
1931,Valeria Martinez,C04,2.8,8
1684,Camila Mendoza,C01,2.5,1
1061,Miguel Gomez,C03,3.7,11
1884,Mariana Cabrera,C04,4.5,2
3209,Sofia Nieto,C05,3.3,1
1315,Felipe Gomez,C02,4.5,1
4630,Sara Rincon,C03,3.3,16
2654,Laura Castro,C04,4.0,15
307,Santiago Nieto,C01,3.4,0
624,Nicolas Vargas,C03,3.4,7
2993,Mariana Martinez,C01,2.9,12
2647,Santiago Nieto,C03,3.9,19
3985,Sara Ospina,C03,5.0,2
1966,Valeria Vargas,C03,2.8,14
3382,Santiago Duran,C02,3.1,13
3055,Tomas Nieto,C03,4.1,8
4347,Felipe Rincon,C03,3.9,5
281,Ana Gomez,C05,4.5,2
1153,Miguel Mendoza,C05,3.7,14
1785,Sara Ospina,C04,3.0,1
808,Paula Cabrera,C05,5.0,18
2620,Alejandra Mendoza,C03,4.0,16
2496,Santiago Ospina,C03,5.0,2
203,Carlos Ospina,C04,2.5,20
710,Alejandra Gomez,C05,4.9,5
4315,Miguel Rincon,C02,2.9,18
3360,Mariana Nieto,C04,3.0,14
2441,Diego Rincon,C05,3.3,8
3422,Juan Beltran,C01,2.1,4
3041,Miguel Castro,C05,4.6,2
4961,Paula Pardo,C04,3.6,15
983,Tomas Castro,C01,4.0,1
3649,Mateo Ospina,C04,3.6,7
1451,Carlos Herrera,C02,3.6,12
566,Mariana Pardo,C02,3.6,15
4758,Carlos Gomez,C03,5.0,14
53,Sara Beltran,C01,2.3,3
2638,Luis Vargas,C04,3.7,11
4527,Valeria Herrera,C02,4.1,0
2819,Nicolas Cabrera,C04,3.5,7
234,Carlos Rojas,C02,,20
2288,Laura Martinez,C01,,5
4137,Laura Mendoza,C05,3.8,17
3710,Miguel Herrera,C05,4.3,12
671,Sebastian Ospina,C01,3.6,3
3643,Andres Salazar,C03,,3
2961,Miguel Vargas,C02,4.2,3
1262,Santiago Cabrera,C03,3.5,7
1219,Carlos Herrera,C01,2.2,16
238,Miguel Herrera,C05,5.0,0
362,Valeria Vargas,C02,3.9,6
2478,Andres Mendoza,C05,5.0,10
1816,Gabriela Beltran,C01,3.1,13
1474,Felipe Rincon,C05,3.6,3
565,Ana Castro,C04,4.2,17
3716,Santiago Duran,C01,2.9,10
2770,Diego Silva,C04,,7
1362,Sofia Martinez,C03,4.0,15
4652,Isabella Nieto,C05,4.1,20
1379,Luis Salazar,C02,3.5,4
3630,Sofia Silva,C04,3.2,12
2263,Paula Rincon,C04,3.3,6
1790,Daniela Rojas,C02,2.3,1
2633,Paula Salazar,C04,4.0,16
706,Paula Ospina,C02,3.9,14
1835,Sofia Vargas,C02,3.0,15
2471,Nicolas Pardo,C02,2.6,0
2114,Alejandra Duran,C05,3.7,0
3025,Santiago Duran,C02,4.0,15
2381,Ana Beltran,C02,3.1,17
381,Mariana Gomez,C03,4.3,16
1959,Gabriela Salazar,C04,4.0,15
4595,Carlos Silva,C05,4.8,1
2836,Miguel Silva,C03,5.0,14
738,Luis Rincon,C01,3.7,7
4158,Sebastian Cabrera,C05,3.7,12
4073,Mariana Rincon,C03,3.8,14
2024,Paula Ospina,C05,4.8,16
1169,Carlos Castro,C01,3.8,20
138,Camila Beltran,C01,3.4,9
4921,Luis Rincon,C04,3.0,7
297,Isabella Vargas,C02,3.1,9
650,Tomas Castro,C02,3.8,11
4923,Sofia Ospina,C05,3.7,1
1146,Camila Mendoza,C04,4.0,0
3517,Felipe Salazar,C05,3.5,9
1059,Laura Mendoza,C02,4.3,9
920,Luis Castro,C01,3.7,0
3084,Valeria Beltran,C02,4.0,12
646,Diego Mendoza,C02,4.3,16
406,Daniela Mendoza,C05,4.4,10
3488,Diego Cabrera,C03,4.4,0
4589,Tomas Rincon,C05,5.0,13
654,Mariana Salazar,C01,1.9,15
3538,Valeria Ospina,C02,3.0,17
3454,Mateo Salazar,C01,4.0,12
1113,Mateo Salazar,C05,4.3,16
3564,Juan Herrera,C02,4.2,15
1105,Diego Martinez,C01,3.3,17
3443,Sofia Castro,C01,2.6,3
219,Luis Beltran,C05,3.8,0
3007,Santiago Gomez,C04,3.6,17
963,Carlos Vargas,C02,3.3,0
2657,Mateo Vargas,C02,3.3,1
3843,Mariana Rojas,C02,4.2,15
4826,Daniela Ospina,C05,4.0,8
1462,Sebastian Herrera,C03,4.5,11
1045,Nicolas Silva,C05,4.4,19
2552,Isabella Martinez,C01,4.4,20
3045,Daniela Herrera,C03,4.7,18
490,Gabriela Cabrera,C05,4.6,15
3155,Sara Salazar,C05,3.7,14
1195,Santiago Salazar,C01,2.2,20
2781,Tomas Duran,C05,3.3,4
2082,Luis Rojas,C05,3.9,3
3279,Andres Castro,C04,4.0,4
1476,Valeria Pardo,C02,3.6,18
1661,Ana Rojas,C01,3.6,20
2783,Andres Nieto,C05,4.2,8
1266,Valeria Rojas,C01,2.9,9
835,Alejandra Cabrera,C05,4.4,0
2906,Laura Mendoza,C04,2.8,15
2940,Diego Silva,C02,4.1,10
164,Isabella Martinez,C02,4.0,7
3290,Mariana Ospina,C01,2.6,5
1673,Alejandra Silva,C02,5.0,11
1486,Mariana Gomez,C05,3.5,12
1151,Felipe Gomez,C04,3.3,19
302,Sebastian Martinez,C05,3.8,20
890,Mariana Rincon,C05,4.4,0
3305,Felipe Silva,C03,2.9,6
4127,Paula Gomez,C03,3.4,18
4095,Alejandra Ospina,C04,2.6,12
2497,Sara Salazar,C05,2.9,3
4282,Valeria Beltran,C03,,2
4159,Ana Vargas,C05,2.3,8
3203,Juan Rojas,C03,4.1,6
693,Laura Mendoza,C03,3.3,17
596,Valeria Vargas,C05,3.9,18
3116,Luis Rojas,C05,4.3,12
812,Gabriela Salazar,C05,4.4,17
591,Nicolas Ospina,C01,2.4,8
2079,Daniela Rojas,C01,,6
3645,Mariana Mendoza,C03,4.4,13
525,Sebastian Rincon,C03,4.6,12
1841,Santiago Vargas,C01,2.9,1
3030,Paula Castro,C04,3.6,8
3583,Ana Mendoza,C04,4.2,14
4850,Felipe Ospina,C03,3.7,9
2203,Luis Mendoza,C02,3.9,4
1419,Felipe Gomez,C03,4.0,6
3146,Santiago Castro,C04,4.3,0
1220,Laura Rincon,C04,4.1,9
3561,Gabriela Castro,C04,3.7,3
3728,Sebastian Rojas,C02,3.6,10
3057,Gabriela Duran,C02,3.8,10
3190,Alejandra Castro,C01,3.4,12
4086,Felipe Silva,C05,4.1,20
252,Sara Vargas,C02,4.0,19
4388,Carlos Herrera,C04,,16
229,Andres Silva,C05,,3
319,Mateo Ospina,C03,4.5,20
2205,Miguel Gomez,C02,3.4,8
2556,Sofia Nieto,C02,5.0,14
2130,Mateo Rojas,C03,3.2,5
4821,Sebastian Herrera,C04,3.8,10
1056,Paula Ospina,C02,4.3,0
1132,Gabriela Gomez,C01,3.3,18
4478,Ana Salazar,C02,3.1,18
2379,Sebastian Pardo,C04,2.5,17
4345,Gabriela Herrera,C04,3.3,3
1019,Ana Salazar,C01,2.6,10
2210,Sebastian Ospina,C04,4.8,6
1450,Santiago Rojas,C05,2.6,7
1712,Carlos Silva,C05,4.6,0
2006,Daniela Duran,C05,3.5,8
4514,Ana Beltran,C03,4.8,18
2814,Mateo Rojas,C04,3.1,9
3657,Camila Nieto,C01,2.0,3
3784,Diego Nieto,C04,3.8,15
4804,Carlos Gomez,C02,3.3,17
2622,Sebastian Mendoza,C03,5.0,16
2821,Miguel Beltran,C02,2.8,9
3975,Sofia Castro,C05,3.9,9
974,Carlos Beltran,C05,4.8,17
4079,Nicolas Herrera,C04,3.3,6
4522,Diego Salazar,C05,4.0,11
571,Tomas Ospina,C03,3.6,10
1049,Carlos Martinez,C02,4.2,1
3637,Juan Gomez,C01,2.6,13
1433,Paula Silva,C02,2.6,4
174,Sebastian Silva,C04,4.6,2
2594,Mateo Silva,C04,4.0,2
4361,Carlos Pardo,C03,5.0,9
4854,Diego Beltran,C02,4.5,9
2136,Luis Mendoza,C04,2.7,5
2559,Daniela Rincon,C05,4.2,9
762,Ana Ospina,C03,4.0,3
71,Ana Duran,C01,2.9,13
3627,Paula Rincon,C01,3.1,13
3750,Valeria Rincon,C02,4.9,3
478,Isabella Nieto,C05,4.4,11
2499,Sara Castro,C03,4.7,20
3262,Nicolas Mendoza,C04,4.2,17
2099,Mariana Mendoza,C03,4.7,0
746,Sebastian Cabrera,C02,3.6,19
4447,Tomas Rojas,C01,2.5,8
1199,Paula Cabrera,C02,3.9,1
583,Juan Mendoza,C03,3.5,4
3426,Paula Duran,C03,5.0,1
1442,Valeria Pardo,C05,2.2,14
4696,Laura Herrera,C04,2.9,3
455,Mariana Herrera,C03,4.6,18
1543,Paula Nieto,C04,4.1,13
4051,Gabriela Pardo,C05,4.4,6
3412,Camila Nieto,C02,4.1,1
2822,Sara Rincon,C03,3.8,16
4070,Diego Herrera,C02,3.8,2
3369,Andres Nieto,C04,2.3,4
3509,Valeria Castro,C02,3.7,15
426,Gabriela Martinez,C01,3.3,14
1441,Sara Salazar,C01,3.2,1
2586,Mariana Salazar,C03,3.7,10
2562,Isabella Mendoza,C01,2.8,17
1432,Mariana Castro,C03,3.8,20
2142,Luis Castro,C01,3.1,19
2604,Gabriela Gomez,C01,3.1,13
1480,Diego Castro,C05,3.1,15
3511,Mateo Castro,C01,4.2,13
429,Paula Herrera,C02,3.2,8
2696,Camila Nieto,C01,2.9,12
3546,Miguel Castro,C03,5.0,16
4813,Paula Mendoza,C03,4.3,13
3194,Carlos Salazar,C02,,11
1150,Miguel Pardo,C01,2.4,3
3349,Luis Herrera,C01,1.9,14
366,Andres Salazar,C01,3.7,0
901,Sara Vargas,C04,2.8,16
1981,Sebastian Vargas,C03,4.2,13
3755,Sofia Pardo,C01,2.4,14
1035,Juan Duran,C05,4.4,17
2746,Daniela Beltran,C02,4.1,8
3461,Sofia Mendoza,C03,3.7,1
24,Juan Duran,C05,4.1,16
862,Felipe Duran,C02,3.2,10
1861,Carlos Martinez,C04,3.9,8
2143,Miguel Gomez,C01,3.4,20
750,Carlos Vargas,C01,2.9,14
1857,Daniela Rincon,C05,4.0,4
2179,Laura Herrera,C03,4.2,8
3508,Sara Rojas,C01,2.4,14
255,Camila Nieto,C01,3.4,4
4747,Valeria Castro,C04,2.5,12
286,Nicolas Pardo,C01,3.9,7
2192,Mariana Beltran,C04,3.0,0
4390,Valeria Rincon,C03,4.5,10
31,Valeria Pardo,C04,2.8,8
1607,Alejandra Rojas,C02,4.7,13
1027,Laura Beltran,C05,4.4,15
2093,Ana Pardo,C03,2.3,4
2355,Mariana Vargas,C01,3.8,10
843,Paula Duran,C03,4.5,9
1638,Sebastian Rincon,C02,3.8,16
2535,Isabella Silva,C05,2.8,14
3819,Santiago Mendoza,C01,3.6,14
4886,Juan Vargas,C03,4.6,15
1976,Luis Beltran,C02,4.0,17
4881,Alejandra Martinez,C03,5.0,9
2228,Gabriela Silva,C04,2.5,9
4002,Andres Ospina,C04,3.5,1
4129,Paula Gomez,C03,3.8,1
2414,Carlos Nieto,C05,3.7,13
2045,Andres Salazar,C05,4.6,2
4960,Luis Vargas,C03,4.4,16
2019,Sara Castro,C03,5.0,14
3432,Valeria Martinez,C05,4.7,7
894,Luis Beltran,C05,3.7,14
2002,Sofia Pardo,C05,3.8,6
3143,Camila Mendoza,C03,3.4,9
2022,Andres Vargas,C01,3.7,3
1647,Mariana Duran,C05,2.7,4
2008,Ana Martinez,C02,2.6,17
192,Carlos Martinez,C04,3.3,13
3374,Felipe Silva,C02,3.7,9
1633,Sebastian Gomez,C02,3.9,1
703,Felipe Ospina,C05,4.9,7
4859,Tomas Beltran,C02,3.4,15
3105,Andres Rojas,C04,2.8,16
1292,Alejandra Pardo,C03,4.2,19
2669,Nicolas Mendoza,C03,3.4,19
4538,Sebastian Salazar,C01,2.2,8
3001,Juan Vargas,C02,3.7,17
2366,Luis Rojas,C05,3.5,17
3166,Mariana Gomez,C01,3.5,12
4491,Isabella Rojas,C01,3.4,6
3644,Camila Cabrera,C01,3.8,0
260,Alejandra Cabrera,C04,3.5,20
995,Diego Ospina,C01,3.1,11
2977,Andres Castro,C02,4.8,8
2305,Camila Salazar,C04,3.9,19
3641,Mateo Rincon,C04,3.4,13
1853,Sara Nieto,C03,3.6,13
3015,Isabella Cabrera,C02,4.1,7
810,Ana Herrera,C01,1.5,5
2004,Luis Silva,C05,4.2,16
4239,Paula Herrera,C03,4.0,6
4783,Daniela Castro,C03,4.8,2
3354,Sara Herrera,C03,4.9,15
376,Gabriela Mendoza,C05,4.0,4
117,Mariana Ospina,C03,4.3,7
3397,Alejandra Pardo,C05,5.0,13
330,Camila Vargas,C02,2.9,5
3936,Sebastian Rojas,C04,3.1,1
3362,Sara Mendoza,C01,2.7,15
340,Diego Mendoza,C03,4.8,8
3196,Mariana Rincon,C03,4.4,10
2356,Andres Gomez,C02,3.7,1
386,Santiago Mendoza,C01,2.0,9
781,Sebastian Nieto,C03,4.5,7
4809,Felipe Vargas,C02,4.5,8
4197,Andres Ospina,C05,2.9,7
1778,Paula Cabrera,C04,2.3,3
4505,Sara Cabrera,C04,3.8,8
787,Daniela Pardo,C05,1.7,13
813,Laura Nieto,C02,2.9,8
3901,Miguel Vargas,C02,4.0,5
3151,Diego Cabrera,C02,3.9,18
1020,Valeria Rojas,C03,4.6,6
715,Felipe Rincon,C04,4.8,19
3165,Isabella Mendoza,C05,3.4,8
4102,Nicolas Duran,C05,3.7,10
1550,Sofia Castro,C05,3.5,14
4772,Paula Cabrera,C05,4.3,10
1736,Miguel Martinez,C03,5.0,18
2577,Luis Beltran,C03,4.3,13
618,Miguel Mendoza,C02,4.2,9
3931,Alejandra Martinez,C01,2.8,2
1731,Tomas Silva,C04,2.7,15
3338,Juan Cabrera,C01,2.8,2
3494,Miguel Gomez,C02,3.6,12
4768,Luis Herrera,C04,3.6,17
3372,Sofia Beltran,C05,2.9,9
2036,Andres Mendoza,C05,3.9,18
4483,Mariana Ospina,C05,3.6,3
2060,Mateo Salazar,C03,4.6,6
509,Andres Silva,C04,4.4,9
380,Daniela Rojas,C03,4.7,4
4582,Valeria Mendoza,C02,3.2,13
434,Isabella Nieto,C04,3.3,3
45,Sebastian Salazar,C05,4.9,17
3899,Gabriela Beltran,C01,2.9,9
3086,Daniela Vargas,C02,4.4,19
3490,Camila Martinez,C03,3.9,20
2026,Alejandra Duran,C04,3.6,1
1483,Felipe Cabrera,C03,5.0,6
3027,Felipe Rincon,C03,,5
2884,Diego Cabrera,C03,4.0,14
765,Tomas Silva,C03,3.5,19
4867,Diego Martinez,C05,4.3,15
4915,Mariana Castro,C01,2.0,13
3913,Gabriela Pardo,C03,4.7,19
3859,Paula Cabrera,C04,2.9,1
4338,Mariana Pardo,C05,3.7,0
4198,Santiago Silva,C05,4.7,20
3925,Sara Mendoza,C05,3.0,0
3449,Sofia Salazar,C05,4.8,20
4493,Sofia Silva,C04,2.6,2
2865,Mariana Ospina,C02,3.5,11
4185,Luis Rojas,C05,4.6,10
4415,Ana Martinez,C04,2.6,15
4731,Miguel Cabrera,C05,3.2,8
3313,Nicolas Ospina,C03,4.1,18
2372,Camila Mendoza,C02,3.6,13
4322,Sara Vargas,C03,2.8,3
2579,Diego Beltran,C01,2.9,1
4326,Mariana Martinez,C04,4.0,11
4288,Mariana Silva,C01,3.4,3
3777,Luis Mendoza,C03,3.7,5
3961,Camila Ospina,C01,5.0,6
682,Isabella Castro,C03,3.3,15
430,Sofia Mendoza,C04,4.8,18
975,Valeria Mendoza,C01,2.8,0
629,Sofia Vargas,C01,2.9,9
3441,Sofia Beltran,C03,5.0,2
4170,Valeria Cabrera,C01,3.1,7
4419,Paula Cabrera,C05,3.9,6
2148,Alejandra Castro,C02,4.9,18
1283,Juan Rincon,C03,4.5,19
2659,Tomas Herrera,C03,3.9,8
2944,Mariana Martinez,C05,4.2,2
1669,Juan Cabrera,C02,5.0,4
3342,Carlos Rincon,C03,5.0,13
4858,Daniela Beltran,C03,4.0,20
4144,Daniela Martinez,C04,2.9,20
726,Sara Cabrera,C03,5.0,12
2421,Mariana Salazar,C02,3.9,20
4209,Andres Vargas,C03,4.2,0
3897,Alejandra Duran,C03,3.7,18
1308,Alejandra Pardo,C03,5.0,10
4046,Tomas Ospina,C05,3.9,17
1762,Mateo Martinez,C04,3.5,20
1464,Luis Herrera,C03,3.3,18
4642,Sara Martinez,C04,3.2,16
74,Sara Vargas,C03,4.2,16
1348,Alejandra Silva,C01,3.6,14
4876,Gabriela Ospina,C01,3.2,3
1309,Mariana Rojas,C02,4.5,10
4990,Ana Rincon,C05,4.1,1
2823,Sara Martinez,C05,2.8,14
557,Isabella Rincon,C04,3.8,1
2813,Gabriela Martinez,C05,3.3,15
1396,Carlos Rincon,C02,3.6,3
3822,Miguel Rojas,C02,2.3,14
4280,Daniela Mendoza,C01,2.5,0
1197,Luis Beltran,C03,5.0,6
4346,Mariana Cabrera,C05,3.2,14
1177,Valeria Mendoza,C01,3.5,1
3934,Alejandra Gomez,C04,3.9,19
1129,Diego Nieto,C04,3.5,0
4680,Daniela Ospina,C03,4.8,4
3254,Mateo Herrera,C03,4.5,5
70,Laura Martinez,C01,3.3,7
3751,Nicolas Gomez,C01,3.2,9
2530,Tomas Cabrera,C04,,12
109,Ana Herrera,C01,3.3,2
3810,Tomas Salazar,C05,,3
3841,Valeria Beltran,C02,5.0,9
3575,Isabella Mendoza,C04,2.9,18
4116,Daniela Salazar,C05,4.5,20
3304,Daniela Pardo,C01,2.4,1
2485,Juan Gomez,C01,2.0,4
4490,Gabriela Mendoza,C01,2.6,3
4694,Mateo Ospina,C05,3.9,4
747,Carlos Martinez,C01,2.3,3
4203,Gabriela Beltran,C03,5.0,5
3714,Valeria Herrera,C05,5.0,16
4007,Mateo Pardo,C02,4.3,9
4398,Andres Silva,C05,3.6,19
3130,Nicolas Vargas,C01,4.3,11
638,Ana Beltran,C03,4.0,8
1715,Laura Duran,C02,4.2,16
3674,Sara Rojas,C05,4.5,14
2371,Sara Vargas,C01,2.8,20
1078,Diego Vargas,C02,3.4,8
3123,Miguel Martinez,C02,4.1,11
448,Juan Nieto,C03,4.5,14
2841,Felipe Silva,C03,3.9,0
2065,Sebastian Martinez,C01,4.4,14
2106,Daniela Silva,C04,3.8,15
374,Luis Ospina,C02,3.9,15
1037,Nicolas Duran,C03,4.7,3
3827,Sebastian Pardo,C04,3.4,4
1572,Alejandra Nieto,C02,3.5,18
3325,Felipe Nieto,C04,2.6,19
2308,Sebastian Ospina,C01,2.9,0
4260,Sara Gomez,C03,4.4,15
2147,Mateo Cabrera,C02,3.8,3
2738,Sebastian Mendoza,C05,5.0,17
4609,Paula Castro,C04,3.0,14
2181,Nicolas Pardo,C04,4.7,0
4553,Paula Rojas,C01,3.1,17
1367,Sara Rojas,C02,,9
2110,Alejandra Silva,C01,3.2,10
555,Andres Beltran,C04,3.6,8
3568,Miguel Ospina,C05,3.2,9
3782,Felipe Mendoza,C04,3.4,7
4549,Diego Silva,C04,3.8,16
1448,Laura Ospina,C02,3.2,3
3170,Santiago Salazar,C02,4.2,16
1002,Tomas Duran,C04,4.0,11
3081,Valeria Ospina,C02,3.1,11
3371,Paula Ospina,C01,2.4,5
4226,Miguel Salazar,C05,3.0,18
61,Daniela Beltran,C04,3.7,7
4391,Gabriela Cabrera,C04,3.5,7
3937,Juan Duran,C04,4.3,9
1985,Carlos Castro,C05,3.4,4
3916,Camila Ospina,C04,3.4,7
543,Mateo Rincon,C04,3.5,11
2012,Alejandra Cabrera,C05,3.3,11
3261,Sofia Gomez,C04,2.7,13
1215,Valeria Rincon,C03,4.0,19
2809,Andres Cabrera,C03,5.0,5
956,Daniela Pardo,C03,4.3,4
4332,Alejandra Nieto,C02,3.5,19
4475,Daniela Cabrera,C03,4.7,19
4351,Miguel Vargas,C02,4.3,15
1893,Carlos Vargas,C05,3.6,2
3201,Diego Silva,C04,3.6,5
2139,Sofia Mendoza,C05,3.6,1
1360,Mariana Mendoza,C05,3.5,12
2957,Mateo Ospina,C01,2.4,17
782,Ana Beltran,C03,4.1,3
4521,Nicolas Mendoza,C02,4.7,20
1026,Isabella Mendoza,C02,3.8,1
4604,Gabriela Pardo,C03,3.3,4
4853,Gabriela Nieto,C05,4.8,18
301,Sara Nieto,C05,4.0,20
2505,Felipe Beltran,C04,3.0,8
4976,Andres Ospina,C01,3.7,15
3344,Sara Mendoza,C04,3.4,17
2091,Juan Salazar,C02,3.9,16
2014,Mariana Pardo,C01,3.4,3
1817,Paula Herrera,C01,3.8,15
1406,Sara Gomez,C05,,3
2051,Sebastian Beltran,C03,4.0,19
3425,Mateo Cabrera,C04,3.1,10
4786,Mariana Beltran,C05,4.4,18
1544,Felipe Vargas,C05,,0
268,Isabella Cabrera,C05,4.1,14
1461,Sebastian Herrera,C05,5.0,14
3848,Mateo Rojas,C05,4.3,15
2581,Sara Nieto,C03,2.8,12
1265,Carlos Salazar,C04,,18
1164,Luis Pardo,C04,4.2,0
4581,Felipe Beltran,C01,2.2,12
2487,Ana Duran,C04,3.1,20
1944,Andres Rojas,C03,4.4,10
1260,Nicolas Silva,C05,4.1,20
4286,Luis Castro,C01,3.4,11
1793,Sara Ospina,C03,4.3,20
3272,Tomas Castro,C03,3.7,14
876,Mariana Beltran,C03,5.0,11
2529,Laura Vargas,C03,4.2,15
4458,Juan Pardo,C01,,19
2315,Camila Herrera,C02,5.0,11
2037,Juan Vargas,C05,4.8,19
2407,Sofia Pardo,C02,4.8,7
1370,Valeria Rojas,C04,2.4,20
657,Mariana Pardo,C03,4.3,8
1906,Felipe Cabrera,C01,2.3,4
811,Mateo Pardo,C02,3.0,15
1445,Carlos Beltran,C01,4.3,7
2376,Santiago Vargas,C01,4.2,16
3231,Daniela Rojas,C04,3.6,11
2935,Carlos Silva,C02,4.7,15
1375,Diego Nieto,C05,4.4,3
1782,Tomas Pardo,C05,4.4,19
2383,Daniela Beltran,C03,4.5,10
2159,Camila Martinez,C03,4.3,4
4324,Paula Mendoza,C02,3.4,9
1186,Mariana Pardo,C04,3.4,2
1275,Laura Cabrera,C03,4.4,5
2818,Mariana Castro,C05,2.9,7
942,Sebastian Beltran,C04,3.4,1
22,Andres Silva,C01,3.6,7
3310,Nicolas Silva,C01,3.6,10
2084,Laura Rincon,C05,4.4,12
2180,Paula Silva,C02,4.4,12
2767,Sofia Duran,C03,5.0,0
4986,Daniela Ospina,C02,4.3,4
2285,Mateo Rojas,C04,3.9,6
137,Ana Herrera,C04,2.9,16
2034,Ana Nieto,C04,3.0,16
483,Miguel Vargas,C01,4.3,11
2327,Felipe Ospina,C04,3.3,3
1864,Luis Silva,C01,3.4,3
4550,Luis Herrera,C02,3.4,6
2036,Andres Mendoza,C05,3.9,18
21,Juan Nieto,C05,3.9,4
181,Juan Herrera,C03,4.3,5
3883,Luis Beltran,C05,4.5,13
3269,Isabella Beltran,C01,3.0,17
4962,Carlos Rojas,C03,5.0,14
4181,Juan Herrera,C03,3.5,1
266,Alejandra Vargas,C02,4.3,3
4561,Luis Salazar,C01,2.7,13
294,Miguel Vargas,C03,5.0,10
2461,Isabella Gomez,C01,3.0,7
497,Gabriela Martinez,C01,2.8,2
4078,Sofia Martinez,C03,4.9,2
1696,Felipe Cabrera,C03,4.3,13
4987,Andres Beltran,C01,3.0,19
2970,Mateo Castro,C03,4.3,17
1677,Alejandra Castro,C03,4.8,10
2880,Diego Ospina,C03,2.8,20
4824,Diego Cabrera,C03,4.9,13
2542,Juan Duran,C02,3.4,13
3221,Camila Rojas,C01,3.9,7
3923,Nicolas Vargas,C05,4.0,16
1357,Santiago Beltran,C02,4.7,12
2322,Sara Vargas,C01,3.2,12
2296,Daniela Cabrera,C04,2.9,20
4400,Gabriela Ospina,C02,3.1,12
2237,Mateo Gomez,C05,3.1,5
982,Santiago Castro,C05,3.6,15
510,Valeria Ospina,C04,4.2,8
3978,Sara Ospina,C05,3.9,0
1286,Camila Pardo,C01,2.9,17
3944,Daniela Pardo,C01,4.1,19
3908,Juan Cabrera,C01,3.6,5
1763,Valeria Herrera,C03,3.7,18
3701,Miguel Rincon,C04,4.6,16
587,Alejandra Pardo,C03,2.4,15
561,Daniela Martinez,C01,2.9,20
2549,Santiago Vargas,C01,3.1,18
824,Juan Pardo,C04,2.7,9
3636,Miguel Rojas,C02,3.9,20
3592,Diego Ospina,C05,4.9,10
632,Ana Salazar,C01,1.7,4
4690,Sebastian Martinez,C01,2.1,0
3920,Juan Silva,C05,4.7,6
3144,Alejandra Rojas,C02,4.5,14
166,Miguel Mendoza,C01,2.7,11
1074,Carlos Cabrera,C05,4.2,9
1477,Sofia Duran,C05,3.5,5
1402,Santiago Castro,C01,3.1,8
410,Daniela Rincon,C04,2.8,19
1092,Sebastian Martinez,C01,3.7,9
2843,Sofia Herrera,C04,3.1,3
724,Miguel Silva,C03,3.8,16
1675,Ana Pardo,C02,2.8,13
169,Sebastian Gomez,C04,2.4,19
2395,Daniela Gomez,C03,3.7,7
4873,Carlos Gomez,C04,3.5,19
3429,Mariana Nieto,C03,4.6,13
1875,Camila Salazar,C05,3.8,14
283,Valeria Vargas,C02,3.9,17
4839,Santiago Vargas,C03,4.3,0
2915,Mateo Castro,C05,3.0,4
2239,Isabella Duran,C05,4.3,14
2490,Sofia Castro,C05,5.0,20
1781,Andres Martinez,C01,3.0,17
1942,Santiago Castro,C02,4.1,9
3361,Mateo Pardo,C05,4.1,11
1149,Sofia Beltran,C04,2.9,12
1956,Diego Cabrera,C05,5.0,4
4126,Laura Gomez,C02,4.3,8
4783,Daniela Castro,C03,4.8,2
2795,Alejandra Herrera,C03,5.0,0
3871,Sofia Martinez,C03,5.0,20
143,Andres Duran,C03,4.0,20
1820,Sara Vargas,C05,4.6,18
3675,Gabriela Rojas,C05,3.2,5
2248,Nicolas Silva,C04,3.0,10
4244,Mateo Cabrera,C01,2.9,18
1377,Gabriela Castro,C04,2.8,20
4071,Alejandra Gomez,C03,4.4,1
4060,Alejandra Rincon,C05,4.3,18
3828,Carlos Salazar,C04,3.3,6
352,Mateo Duran,C05,3.6,8
4477,Sara Cabrera,C03,4.1,11
25,Paula Nieto,C05,3.4,12
711,Juan Martinez,C01,3.1,8
2852,Santiago Rincon,C03,3.8,12
3329,Valeria Ospina,C03,5.0,15
1961,Felipe Duran,C01,2.7,1
803,Gabriela Salazar,C03,3.4,7
4433,Sara Ospina,C04,2.2,14
377,Ana Nieto,C05,3.3,19
2016,Nicolas Beltran,C05,4.6,16
417,Andres Rojas,C02,3.3,19
1694,Diego Silva,C03,3.5,9
978,Sara Mendoza,C04,3.8,19
2994,Juan Vargas,C05,4.5,18
2261,Luis Cabrera,C04,2.1,12
3799,Mariana Beltran,C04,3.2,10
4831,Gabriela Silva,C05,3.9,7
191,Paula Rincon,C05,4.8,15
761,Sara Martinez,C02,4.5,6
1504,Luis Rojas,C01,3.0,2
737,Diego Rojas,C01,1.9,6
2349,Camila Silva,C03,4.0,17
4085,Sara Vargas,C04,3.8,18
4089,Diego Pardo,C04,3.6,17
1404,Diego Castro,C02,3.0,2
2339,Diego Mendoza,C01,2.4,15
2596,Sebastian Silva,C01,2.6,7
527,Gabriela Duran,C03,4.2,6
4402,Tomas Gomez,C03,3.5,8
4028,Diego Nieto,C01,,14
2415,Andres Herrera,C03,,20
3444,Diego Rojas,C03,4.2,20
4849,Miguel Nieto,C02,3.7,13
361,Felipe Beltran,C05,4.3,5
3208,Mateo Ospina,C04,4.6,7
1894,Diego Rojas,C02,4.0,20
3137,Mateo Rojas,C04,3.1,3
734,Andres Nieto,C04,2.9,7
3126,Isabella Gomez,C05,4.5,15
763,Andres Herrera,C02,3.1,7
2445,Gabriela Cabrera,C04,3.5,1
4153,Nicolas Herrera,C02,3.4,15
2629,Mariana Ospina,C05,4.9,0
1481,Laura Beltran,C03,4.2,8
400,Mariana Silva,C03,3.4,3
4816,Diego Salazar,C05,3.6,8
1644,Miguel Herrera,C03,4.1,2
2334,Camila Pardo,C02,4.1,17
3726,Luis Pardo,C04,4.0,2
2528,Mateo Cabrera,C01,2.3,8
806,Valeria Silva,C04,3.2,4
4362,Sebastian Mendoza,C05,4.4,10
1999,Diego Herrera,C04,4.1,20
102,Paula Martinez,C03,4.3,14
804,Valeria Ospina,C01,3.5,15
4824,Diego Cabrera,C03,4.9,13
4556,Juan Beltran,C02,4.0,7
1744,Paula Cabrera,C04,2.6,20
1029,Felipe Beltran,C02,3.4,12
2886,Ana Duran,C01,2.7,13
631,Diego Herrera,C03,,19
1951,Nicolas Herrera,C05,2.9,5
4439,Gabriela Beltran,C04,4.1,6
4994,Sara Castro,C04,3.2,5
4211,Tomas Nieto,C02,3.3,16
3709,Mateo Ospina,C04,4.4,11
3309,Gabriela Cabrera,C02,3.7,10
3589,Nicolas Gomez,C04,3.6,5
3139,Tomas Duran,C02,4.0,15
210,Carlos Salazar,C03,5.0,13
3291,Ana Duran,C03,,20
2917,Ana Mendoza,C01,2.5,19
2592,Sara Rincon,C03,2.8,13
2477,Tomas Martinez,C03,4.0,6
1895,Santiago Rojas,C01,3.3,20
32,Alejandra Castro,C04,3.5,6
3737,Mariana Pardo,C01,2.6,15
3431,Ana Silva,C05,4.7,9
324,Valeria Ospina,C05,4.7,17
4542,Sara Cabrera,C01,2.3,16
2003,Luis Cabrera,C02,,2
4267,Sofia Mendoza,C01,4.9,1
2422,Valeria Vargas,C01,2.6,17
1566,Alejandra Pardo,C01,3.4,10
1610,Camila Beltran,C05,4.1,17
254,Diego Duran,C02,1.9,8
2643,Camila Pardo,C02,3.0,3
4911,Valeria Beltran,C03,4.4,10
2276,Isabella Salazar,C04,4.1,5
2118,Luis Gomez,C01,2.4,17
857,Isabella Salazar,C04,3.5,7
4798,Nicolas Herrera,C03,4.1,9
4684,Gabriela Ospina,C02,3.9,14
1387,Andres Rincon,C03,3.2,16
1295,Mariana Castro,C04,3.1,16
2346,Sebastian Pardo,C02,,1
1008,Juan Herrera,C04,3.2,2
4975,Alejandra Nieto,C04,2.6,2
104,Laura Salazar,C05,5.0,20
3446,Daniela Cabrera,C05,4.6,19
1783,Andres Nieto,C05,4.6,0
4908,Felipe Pardo,C04,5.0,12
4506,Daniela Rincon,C02,3.9,19
4532,Felipe Nieto,C03,4.4,8
1717,Juan Gomez,C05,4.1,20
1933,Juan Mendoza,C04,2.9,7
1248,Laura Silva,C05,4.1,11
3087,Mariana Duran,C01,4.2,11
938,Paula Ospina,C04,3.2,14
4627,Nicolas Salazar,C03,3.4,4
126,Gabriela Beltran,C04,,12
3580,Felipe Rincon,C01,2.4,18
573,Mariana Gomez,C04,4.3,16
669,Sara Vargas,C04,3.2,5
2165,Felipe Mendoza,C04,2.8,11
3681,Andres Silva,C01,2.2,12
4846,Gabriela Ospina,C01,2.7,10
3689,Santiago Pardo,C02,3.1,15
3570,Gabriela Cabrera,C02,,9
909,Ana Duran,C01,3.9,14
4802,Juan Gomez,C04,4.5,18
2250,Tomas Pardo,C01,2.7,6
459,Sara Rincon,C04,2.8,6
2408,Mateo Ospina,C01,1.5,18
3585,Mateo Rojas,C02,4.1,20
685,Juan Castro,C05,3.8,15
454,Miguel Ospina,C05,4.1,18
2303,Sebastian Mendoza,C02,4.8,9
1729,Sofia Herrera,C03,4.1,10
2611,Diego Vargas,C05,2.4,15
677,Luis Duran,C02,3.6,0
1618,Paula Salazar,C04,2.5,13
69,Santiago Martinez,C03,5.0,0
2294,Tomas Martinez,C05,3.7,16
4832,Laura Mendoza,C01,2.6,17
537,Felipe Nieto,C05,3.6,14
644,Andres Silva,C01,2.6,0
4729,Luis Nieto,C04,2.6,3
4830,Camila Vargas,C04,4.0,1
4572,Tomas Herrera,C01,3.3,16
3159,Carlos Herrera,C03,5.0,15
2199,Isabella Nieto,C03,5.0,3
4215,Gabriela Rincon,C04,2.0,12
4791,Nicolas Mendoza,C02,3.5,3
220,Santiago Rincon,C04,4.0,20
2403,Daniela Ospina,C04,2.8,1
3247,Carlos Vargas,C01,4.0,8
1024,Camila Rincon,C02,4.4,13
1585,Juan Rincon,C04,3.2,9
4628,Santiago Castro,C03,3.7,10
2498,Sebastian Nieto,C04,2.4,5
4941,Luis Silva,C03,3.6,20
2755,Paula Vargas,C01,3.3,16
768,Alejandra Ospina,C05,3.9,14
1648,Diego Cabrera,C02,3.0,11
3816,Miguel Salazar,C05,3.8,8
1878,Ana Rincon,C02,3.4,14
994,Gabriela Rojas,C02,4.0,2
3275,Paula Pardo,C03,4.6,11
1145,Sara Gomez,C04,2.6,19
3289,Felipe Herrera,C01,2.8,3
8,Gabriela Rojas,C01,2.5,15
752,Sebastian Silva,C01,2.5,13
1968,Gabriela Ospina,C03,5.0,2
731,Juan Nieto,C02,4.3,3
1919,Felipe Mendoza,C01,3.4,17
4872,Camila Nieto,C01,3.8,2
4143,Laura Rincon,C03,4.1,11
2446,Sebastian Pardo,C01,3.2,1
167,Luis Vargas,C01,3.3,18
1254,Ana Martinez,C02,4.6,10
3331,Tomas Martinez,C05,5.0,16
3328,Felipe Castro,C02,3.4,8
4534,Nicolas Nieto,C01,3.3,6
198,Laura Castro,C05,3.6,19
4220,Diego Rincon,C01,4.5,0
11,Paula Herrera,C05,3.4,2
2509,Luis Pardo,C02,3.8,6
3989,Juan Beltran,C02,4.0,3
4968,Isabella Herrera,C02,3.6,18
129,Ana Silva,C04,4.4,1
1596,Isabella Pardo,C04,2.9,18
2282,Sofia Vargas,C02,4.1,10
3212,Luis Silva,C05,4.1,6
4405,Paula Gomez,C04,3.6,19
3415,Felipe Vargas,C04,4.4,13
2232,Isabella Gomez,C01,2.0,9
4284,Nicolas Ospina,C02,3.2,7
2104,Carlos Castro,C05,3.2,16
2455,Ana Rincon,C05,3.1,6
1162,Paula Nieto,C02,3.6,4
880,Paula Cabrera,C01,,4
348,Ana Martinez,C04,3.9,10
3748,Sara Martinez,C01,1.9,18
2646,Valeria Rincon,C02,3.8,6
1484,Gabriela Castro,C05,4.3,15
940,Laura Salazar,C03,4.8,16
108,Ana Duran,C03,4.9,12
3594,Daniela Castro,C05,3.9,18
1466,Luis Rincon,C03,3.9,15
3969,Andres Ospina,C02,3.5,0
2689,Miguel Martinez,C05,3.3,13
1342,Carlos Duran,C04,4.1,8
2702,Mariana Duran,C02,4.4,18
1031,Alejandra Gomez,C01,2.4,2
2801,Juan Ospina,C02,4.1,8
2007,Daniela Mendoza,C02,3.5,12
3526,Tomas Vargas,C03,4.6,9
3954,Isabella Gomez,C03,3.5,13
2359,Mariana Martinez,C01,3.2,9
636,Sara Pardo,C01,3.4,4
929,Alejandra Gomez,C02,3.8,11
228,Gabriela Herrera,C02,4.1,12
3788,Nicolas Rojas,C01,3.2,4
2107,Mateo Cabrera,C01,4.3,8
2447,Nicolas Vargas,C04,2.9,16
4243,Diego Cabrera,C05,4.0,7
159,Sofia Vargas,C01,3.4,15
5000,Nicolas Salazar,C02,3.9,16
4841,Luis Martinez,C05,3.7,2
1161,Felipe Silva,C05,5.0,3
927,Sara Silva,C05,3.3,17
2510,Felipe Mendoza,C03,5.0,15
2313,Sofia Herrera,C02,4.1,0
1368,Felipe Pardo,C01,,12
2115,Laura Nieto,C05,4.6,20
3785,Santiago Gomez,C01,1.9,6
720,Laura Salazar,C05,3.8,18
635,Andres Nieto,C04,4.1,1
3971,Sofia Martinez,C03,4.7,8
652,Miguel Rojas,C01,4.4,10
3260,Camila Duran,C03,4.6,13
643,Alejandra Vargas,C01,3.7,7
2186,Mariana Cabrera,C01,3.6,16
4588,Gabriela Pardo,C03,5.0,1
2558,Miguel Nieto,C04,4.0,7
3178,Tomas Gomez,C03,4.0,18
403,Paula Herrera,C01,2.3,9
2425,Tomas Mendoza,C03,,18
4687,Sara Castro,C01,2.8,7
4212,Nicolas Herrera,C01,3.4,4
4214,Camila Martinez,C02,3.4,12
1989,Diego Salazar,C02,,14
1620,Isabella Duran,C02,3.2,15
4161,Mateo Duran,C03,5.0,0
3413,Camila Duran,C01,5.0,1
2671,Santiago Herrera,C04,4.6,17
3185,Felipe Nieto,C01,2.0,0
2121,Juan Vargas,C03,4.5,13
954,Miguel Ospina,C04,2.6,3
1082,Juan Rojas,C02,4.6,12
3950,Juan Duran,C04,3.8,19
2916,Felipe Rincon,C05,3.4,4
539,Isabella Castro,C01,2.0,4
19,Daniela Beltran,C03,4.7,14
3445,Valeria Vargas,C01,3.9,0
4358,Isabella Silva,C05,4.5,4
4697,Laura Pardo,C05,2.8,14
904,Paula Gomez,C02,3.7,15
3770,Santiago Rincon,C01,2.1,13
4200,Gabriela Martinez,C04,3.8,2
4983,Miguel Herrera,C02,5.0,13
2052,Camila Mendoza,C04,,18
3665,Valeria Gomez,C05,4.5,17
1173,Sebastian Pardo,C02,3.9,9
869,Santiago Herrera,C03,3.7,17
427,Daniela Rojas,C05,3.8,19
2990,Miguel Nieto,C02,4.3,10
931,Felipe Castro,C03,5.0,12
4844,Valeria Cabrera,C01,3.6,3
594,Alejandra Rincon,C01,2.5,1
1834,Nicolas Salazar,C02,4.6,19
2113,Tomas Silva,C02,4.9,18
1115,Camila Silva,C03,5.0,20
2947,Daniela Castro,C03,3.8,6
2601,Carlos Castro,C01,2.1,2
2335,Daniela Gomez,C03,3.6,20
2910,Mariana Cabrera,C02,2.4,8
3423,Gabriela Rojas,C04,3.9,16
3966,Felipe Castro,C01,3.0,11
4228,Camila Cabrera,C01,2.0,12
4770,Felipe Vargas,C05,3.0,0
3265,Andres Beltran,C04,4.5,4
2046,Daniela Duran,C05,4.5,2
4566,Mariana Pardo,C02,3.8,20
847,Sebastian Beltran,C05,3.7,2
3791,Santiago Cabrera,C01,3.0,2
4869,Gabriela Castro,C05,3.5,14
2712,Andres Silva,C02,4.8,0
3292,Daniela Rojas,C04,4.1,2
4516,Ana Gomez,C01,2.9,4
868,Tomas Castro,C01,2.5,9
4811,Daniela Cabrera,C04,2.6,20
992,Paula Herrera,C05,4.7,18
3003,Carlos Rojas,C03,3.5,2
744,Mateo Rincon,C05,3.6,0
4106,Isabella Martinez,C02,3.0,0
1523,Sebastian Mendoza,C01,3.0,14
2055,Nicolas Herrera,C01,3.7,12
3792,Sara Gomez,C04,2.9,17
2698,Daniela Cabrera,C03,3.9,17
3763,Valeria Nieto,C04,4.0,14
3732,Camila Cabrera,C02,5.0,9
72,Felipe Silva,C03,4.7,7
2878,Sara Nieto,C01,3.3,1
318,Miguel Nieto,C04,3.5,14
1780,Paula Rojas,C03,5.0,18
3267,Alejandra Martinez,C03,4.5,11
3367,Miguel Beltran,C05,3.6,8
3122,Daniela Cabrera,C03,3.6,14
3873,Andres Herrera,C01,3.7,3
4354,Sara Pardo,C04,4.8,14
4484,Sofia Mendoza,C03,4.9,10
2812,Tomas Martinez,C03,3.6,5
3803,Miguel Rojas,C02,3.8,8
2926,Nicolas Pardo,C05,3.3,12
1957,Felipe Castro,C02,2.9,6
2164,Laura Herrera,C05,3.7,16
966,Andres Gomez,C05,3.3,5
579,Sara Ospina,C03,4.1,10
2329,Gabriela Herrera,C03,4.3,19
2743,Juan Herrera,C03,4.6,8
3566,Gabriela Mendoza,C01,2.4,18
2932,Alejandra Nieto,C05,4.1,6
416,Mariana Castro,C04,3.4,16
3918,Miguel Vargas,C05,3.5,20
3659,Diego Beltran,C01,3.1,6
2458,Andres Salazar,C02,3.8,19
4687,Sara Castro,C01,2.8,7
664,Daniela Rincon,C03,4.6,9
4789,Nicolas Gomez,C01,3.1,12
1279,Felipe Castro,C03,4.2,14
1426,Carlos Pardo,C01,3.2,7
860,Tomas Vargas,C02,4.2,15
2806,Tomas Castro,C03,4.7,20
1395,Miguel Rincon,C01,2.7,15
1037,Nicolas Duran,C03,4.7,3
2472,Tomas Salazar,C04,4.2,5
3715,Sebastian Castro,C05,2.9,16
3740,Nicolas Rincon,C04,3.3,14
4245,Mateo Cabrera,C01,2.1,20
2873,Sebastian Salazar,C02,5.0,5
634,Carlos Herrera,C02,4.0,17
4538,Sebastian Salazar,C01,2.2,8
630,Gabriela Martinez,C05,3.2,15
3977,Sebastian Rojas,C02,4.0,2
1599,Valeria Rincon,C05,4.6,8
514,Sofia Salazar,C05,4.5,6
1306,Isabella Cabrera,C03,,3
903,Juan Cabrera,C04,4.1,12
2588,Valeria Ospina,C01,3.5,7
2837,Nicolas Nieto,C03,4.1,9
1267,Diego Mendoza,C04,2.7,15
2869,Sara Martinez,C05,3.9,12
1584,Sara Castro,C01,2.5,0
2089,Gabriela Mendoza,C03,4.0,13
2705,Miguel Pardo,C05,3.9,9
4318,Juan Castro,C01,3.9,11
520,Valeria Rojas,C05,4.2,3
4529,Santiago Mendoza,C03,4.2,6
2038,Isabella Pardo,C01,2.7,4
492,Alejandra Martinez,C04,4.0,18
2602,Tomas Ospina,C02,3.3,18
962,Sofia Vargas,C05,5.0,3
2824,Gabriela Martinez,C02,3.4,15
3244,Ana Cabrera,C03,4.0,10
2096,Valeria Castro,C03,4.2,17
1261,Miguel Cabrera,C01,2.4,4
465,Mateo Silva,C02,4.4,4
3385,Mateo Mendoza,C02,4.0,0
708,Mariana Duran,C03,3.9,16
3869,Daniela Rojas,C02,2.7,11
647,Isabella Pardo,C01,3.0,19
296,Isabella Ospina,C04,3.6,11
1714,Isabella Gomez,C04,4.0,10
4056,Sara Nieto,C05,2.7,18
4835,Isabella Nieto,C05,4.4,6
251,Laura Mendoza,C02,2.8,14
722,Alejandra Rincon,C01,2.9,10
3078,Gabriela Duran,C01,3.2,5
899,Gabriela Duran,C02,3.4,9
2360,Juan Duran,C02,3.7,20
3207,Isabella Mendoza,C02,4.0,7
3996,Carlos Nieto,C03,,15
775,Gabriela Mendoza,C04,3.4,9
3318,Gabriela Duran,C04,4.1,7
4577,Mariana Mendoza,C03,4.5,16
4663,Sara Ospina,C03,4.6,6
1909,Tomas Nieto,C02,3.3,18
135,Sebastian Cabrera,C01,3.7,7
3188,Nicolas Mendoza,C03,4.2,5
2123,Gabriela Ospina,C04,2.0,7
2269,Sebastian Castro,C01,3.1,1
96,Tomas Rincon,C02,4.1,12
1385,Valeria Mendoza,C05,4.2,13
4935,Mateo Ospina,C04,3.3,13
1328,Diego Duran,C02,,8
1711,Miguel Silva,C03,3.5,7
2376,Santiago Vargas,C01,4.2,16
4356,Felipe Castro,C04,4.0,11
3135,Carlos Rincon,C03,3.5,3
1211,Juan Nieto,C03,3.6,0
3623,Camila Cabrera,C03,4.2,13
2368,Camila Duran,C02,4.9,10
3860,Ana Silva,C05,3.0,20
2784,Valeria Silva,C02,3.5,1
1532,Isabella Nieto,C04,3.5,1
475,Mariana Ospina,C03,3.2,2
3430,Andres Ospina,C05,3.9,13
3229,Sofia Herrera,C02,4.8,8
1139,Alejandra Silva,C01,2.9,6
1376,Felipe Gomez,C03,3.6,16
2333,Daniela Ospina,C01,2.2,20
905,Sebastian Nieto,C03,3.2,19
4035,Sara Beltran,C04,2.3,16
3205,Andres Rincon,C02,3.6,18
1313,Mateo Castro,C01,4.5,17
1416,Andres Rincon,C01,4.0,11
887,Alejandra Vargas,C02,2.3,4
3399,Tomas Martinez,C01,2.1,13
2679,Valeria Nieto,C05,4.7,12
1489,Diego Ospina,C03,,11
1094,Mateo Gomez,C01,1.9,11
4580,Gabriela Rincon,C04,3.2,7
1760,Miguel Vargas,C02,3.7,8
1747,Gabriela Pardo,C03,5.0,0
1987,Diego Rincon,C04,4.8,0
3033,Tomas Silva,C04,3.6,7
2102,Isabella Silva,C01,3.9,14
1750,Juan Duran,C03,4.2,6
3878,Sebastian Castro,C05,3.3,15
1896,Diego Herrera,C05,4.4,14
1408,Santiago Duran,C05,3.6,12
4168,Laura Mendoza,C02,,20
1390,Sofia Pardo,C02,5.0,20
4531,Mateo Beltran,C02,3.8,18
333,Laura Gomez,C02,3.7,6
794,Sebastian Silva,C04,2.8,4
3157,Paula Herrera,C03,4.3,9
1955,Gabriela Duran,C05,4.5,16
2517,Isabella Cabrera,C05,3.6,5
3679,Sofia Pardo,C04,4.0,4
842,Camila Castro,C05,3.5,9
197,Andres Mendoza,C03,5.0,11
4757,Camila Ospina,C05,,5
4375,Diego Vargas,C05,5.0,15
2029,Andres Pardo,C03,4.0,19
1015,Andres Salazar,C02,4.2,7
4273,Mariana Pardo,C03,3.5,6
1949,Alejandra Beltran,C01,1.9,20
3198,Juan Vargas,C03,4.4,11
436,Diego Cabrera,C03,,0
3061,Mariana Cabrera,C01,2.4,10
1640,Mariana Martinez,C04,3.7,3
2387,Valeria Beltran,C04,2.3,14
3640,Camila Nieto,C03,4.8,12
3672,Carlos Pardo,C05,4.2,2
1102,Luis Rincon,C01,3.3,9
2826,Isabella Ospina,C04,3.9,0
879,Alejandra Pardo,C05,2.8,18
55,Sofia Rincon,C01,2.0,16
751,Camila Martinez,C04,4.2,1
3491,Isabella Ospina,C01,3.5,3
3124,Sofia Gomez,C03,4.9,9
3633,Paula Vargas,C04,2.4,0
517,Isabella Mendoza,C03,,14
3095,Isabella Beltran,C04,3.4,10
4829,Valeria Rojas,C03,4.0,3
2827,Camila Pardo,C01,3.6,1
2677,Juan Rincon,C03,4.2,14
4523,Sara Silva,C02,3.8,4
1003,Felipe Ospina,C05,2.0,4
1494,Carlos Pardo,C02,3.6,2
4180,Alejandra Salazar,C01,2.7,18
1634,Mariana Salazar,C04,2.3,0
4744,Laura Rincon,C04,3.6,5
4302,Santiago Silva,C01,2.5,0
4745,Sara Rojas,C05,3.2,20
413,Gabriela Duran,C04,2.4,2
4183,Diego Gomez,C04,3.1,2
3569,Carlos Ospina,C04,2.3,18
450,Diego Nieto,C04,3.2,20
3101,Carlos Duran,C05,4.7,12
4546,Mariana Vargas,C03,4.9,13
2109,Carlos Salazar,C04,3.4,2
495,Laura Pardo,C05,4.0,8
2608,Paula Cabrera,C05,3.1,1
322,Diego Rincon,C05,3.0,0
3722,Santiago Nieto,C03,4.4,7
3499,Daniela Herrera,C05,3.6,0
4207,Felipe Ospina,C01,2.0,2
1849,Sebastian Salazar,C02,5.0,10
2013,Mariana Herrera,C01,3.2,4
1608,Sebastian Herrera,C02,4.7,7
538,Ana Duran,C01,3.6,10
1724,Santiago Herrera,C01,3.1,4
471,Sofia Rojas,C05,,15
4793,Diego Rojas,C05,3.7,0
90,Tomas Silva,C04,4.3,16
3326,Gabriela Salazar,C01,2.6,2
3579,Ana Silva,C05,,4
4000,Mariana Nieto,C04,2.3,15
3557,Laura Mendoza,C02,4.0,9
1343,Tomas Rincon,C03,5.0,7
35,Isabella Mendoza,C02,2.6,6
1142,Paula Gomez,C01,,15
1410,Mateo Vargas,C01,3.3,18
4174,Sebastian Herrera,C01,2.4,8
225,Isabella Vargas,C02,4.9,10
1825,Felipe Gomez,C03,4.6,18
464,Diego Mendoza,C04,,14
4395,Nicolas Ospina,C02,4.6,3
3661,Isabella Cabrera,C04,4.1,6
3691,Valeria Vargas,C02,4.9,3
3867,Diego Vargas,C03,4.7,5
836,Mateo Martinez,C02,2.7,3
684,Mateo Castro,C02,3.2,1
2297,Luis Vargas,C04,3.3,8
4560,Luis Silva,C03,2.7,10
1183,Gabriela Rincon,C01,3.6,8
2586,Mariana Salazar,C03,3.7,10
4808,Nicolas Cabrera,C02,3.9,7
1380,Miguel Vargas,C05,4.6,16
3355,Paula Martinez,C05,4.2,20
1674,Felipe Ospina,C01,2.2,6
2184,Alejandra Gomez,C01,3.1,7
1910,Alejandra Nieto,C05,3.5,10
4471,Sara Cabrera,C04,3.3,20
304,Mariana Gomez,C01,2.6,4
1117,Camila Nieto,C03,4.2,20
233,Alejandra Nieto,C01,3.8,6
2981,Carlos Cabrera,C04,,9
4752,Sara Rincon,C04,3.3,2
564,Isabella Martinez,C01,3.1,3
924,Miguel Gomez,C02,4.8,5
271,Santiago Salazar,C04,3.7,3
2719,Gabriela Silva,C01,4.1,5
1801,Sebastian Rojas,C01,3.9,4
1293,Sofia Mendoza,C03,4.2,1
397,Paula Salazar,C04,2.9,3
214,Juan Rincon,C05,3.1,16
3022,Valeria Cabrera,C02,2.9,9
4022,Sofia Duran,C05,4.2,17
1945,Alejandra Herrera,C04,3.6,2
329,Sara Duran,C05,5.0,18
1043,Andres Martinez,C05,3.5,5
872,Isabella Beltran,C04,3.1,6
2568,Santiago Rojas,C03,3.9,8
208,Santiago Salazar,C04,2.2,4
3049,Gabriela Gomez,C05,3.3,14
3358,Mateo Rojas,C04,3.0,8
1311,Nicolas Salazar,C05,2.9,4
452,Luis Castro,C04,3.7,9
2169,Ana Beltran,C02,3.7,18
1345,Santiago Vargas,C04,2.7,0
3278,Gabriela Rincon,C02,4.9,20
1938,Mariana Silva,C04,,4
2420,Santiago Rojas,C01,2.4,6
3222,Daniela Castro,C04,4.6,4
4426,Sara Rincon,C02,2.9,19
1699,Alejandra Duran,C03,4.1,4
766,Alejandra Nieto,C01,2.2,2
1200,Andres Vargas,C01,4.1,12
1498,Isabella Vargas,C05,,17
609,Sebastian Rojas,C05,2.8,7
172,Sebastian Salazar,C04,4.2,9
2009,Daniela Beltran,C02,4.3,1
1420,Diego Nieto,C03,5.0,4
183,Miguel Duran,C03,5.0,20
4342,Nicolas Pardo,C02,3.4,18
4784,Luis Castro,C01,3.3,20
1587,Santiago Salazar,C04,3.8,17
4193,Ana Castro,C02,3.6,0
914,Miguel Castro,C03,5.0,12
3824,Carlos Duran,C05,3.7,6
1386,Diego Ospina,C04,3.4,20
3700,Mateo Herrera,C04,2.8,10
2675,Tomas Rojas,C03,4.3,1
4533,Laura Duran,C04,3.4,5
4595,Carlos Silva,C05,4.8,1
4072,Camila Silva,C03,4.0,8
4571,Gabriela Silva,C01,2.0,11
4266,Ana Ospina,C01,4.0,1
2515,Valeria Silva,C04,3.8,5
2612,Tomas Vargas,C04,2.9,0
1567,Paula Pardo,C01,2.5,16
4278,Miguel Martinez,C05,4.6,17
3812,Andres Pardo,C01,2.9,6
4469,Andres Rincon,C04,3.6,15
4080,Mariana Silva,C04,3.0,7
759,Nicolas Pardo,C04,2.9,5
986,Laura Rincon,C04,2.3,14
3949,Daniela Duran,C05,3.4,9
3009,Miguel Martinez,C03,4.1,16
2728,Alejandra Rojas,C05,3.3,10
606,Luis Silva,C04,3.4,6
2780,Sebastian Gomez,C04,2.9,17
3746,Diego Nieto,C04,3.5,9
3074,Carlos Rojas,C03,4.3,12
3021,Valeria Gomez,C05,2.6,18
4305,Mariana Nieto,C01,2.5,6
4392,Valeria Beltran,C01,5.0,15
3817,Felipe Silva,C05,4.0,7
2512,Isabella Pardo,C05,3.3,9
1028,Ana Rojas,C04,2.2,14
4602,Mateo Martinez,C04,3.3,3
4735,Alejandra Rojas,C05,3.9,3
1490,Nicolas Martinez,C03,5.0,18
4486,Tomas Salazar,C03,5.0,9
34,Sara Salazar,C03,5.0,11
1877,Felipe Nieto,C04,2.9,3
1863,Diego Herrera,C04,3.3,12
290,Santiago Cabrera,C03,3.6,2
4199,Mariana Vargas,C04,3.2,8
2614,Valeria Martinez,C01,3.4,12
1042,Sebastian Nieto,C03,3.7,15
2879,Paula Salazar,C02,3.8,9
958,Camila Rincon,C03,3.4,9
4482,Juan Rincon,C03,4.1,0
4751,Andres Nieto,C03,3.2,4
9,Gabriela Rincon,C05,3.5,7
1925,Nicolas Vargas,C05,4.2,10
2966,Tomas Gomez,C02,3.3,17
435,Diego Nieto,C04,3.7,9
2842,Camila Herrera,C02,3.5,5
4620,Gabriela Castro,C02,4.0,8
3176,Andres Ospina,C02,4.5,0
2563,Andres Cabrera,C05,4.2,7
678,Valeria Vargas,C03,3.1,18
1663,Santiago Castro,C05,3.3,11
3474,Mariana Herrera,C03,2.7,11
4172,Nicolas Mendoza,C02,3.3,18
3595,Carlos Duran,C03,5.0,0
3138,Luis Castro,C02,3.9,5
3142,Sofia Salazar,C02,3.6,5
965,Sara Cabrera,C03,5.0,18
691,Sara Herrera,C04,2.4,3
2924,Ana Castro,C04,2.4,4
3302,Diego Silva,C04,3.7,5
4207,Felipe Ospina,C01,2.0,2
2799,Sara Nieto,C02,3.6,11
4425,Andres Cabrera,C04,3.4,14
92,Mariana Salazar,C02,2.7,12
3280,Diego Mendoza,C03,4.0,5
3032,Tomas Martinez,C04,,9
4661,Sara Vargas,C04,3.5,5
1363,Sebastian Rincon,C02,,2
3452,Daniela Salazar,C01,2.5,17
1409,Alejandra Castro,C05,3.2,17
1529,Sara Vargas,C01,3.6,16
1424,Diego Beltran,C02,4.2,15
1364,Luis Cabrera,C05,3.0,16
2072,Isabella Duran,C05,5.0,13
2680,Ana Nieto,C04,4.0,3
3483,Laura Silva,C01,5.0,15
1535,Andres Gomez,C05,5.0,5
3695,Andres Martinez,C02,3.5,1
1465,Santiago Beltran,C04,,11
2157,Ana Beltran,C03,,11
1470,Luis Nieto,C01,3.3,0
4255,Isabella Herrera,C04,3.2,1
4382,Juan Nieto,C03,4.5,14
865,Laura Salazar,C02,4.6,19
87,Mariana Mendoza,C01,2.4,16
16,Tomas Herrera,C01,3.0,14
2049,Paula Beltran,C03,3.4,12
1796,Alejandra Pardo,C05,3.4,20
4936,Isabella Martinez,C05,4.3,6
4606,Valeria Silva,C03,4.4,10
2688,Alejandra Rojas,C01,2.7,17
155,Mateo Silva,C02,5.0,10
3359,Sara Beltran,C03,4.6,9
3814,Camila Pardo,C04,3.7,18
952,Miguel Vargas,C04,4.3,5
36,Daniela Mendoza,C02,3.6,15
2727,Isabella Cabrera,C05,3.5,19
2555,Mariana Mendoza,C03,4.4,13
2757,Valeria Mendoza,C03,4.8,19
2627,Luis Gomez,C01,3.7,8
2480,Isabella Duran,C01,3.3,8
4316,Gabriela Cabrera,C05,4.5,8
2987,Valeria Rojas,C03,5.0,14
2928,Sofia Martinez,C04,2.3,13
4912,Luis Silva,C05,3.5,4
3197,Luis Duran,C02,2.9,9
790,Sofia Rincon,C02,4.1,3
4949,Miguel Salazar,C01,1.9,9
535,Ana Beltran,C02,3.2,10
337,Alejandra Rincon,C01,3.6,2
2863,Miguel Rojas,C02,4.0,14
3553,Isabella Rojas,C03,5.0,1
4068,Mariana Salazar,C01,3.6,7
2058,Mateo Vargas,C01,2.1,19
2426,Miguel Nieto,C05,3.7,14
2925,Sofia Mendoza,C04,4.0,10
3894,Mariana Rincon,C04,3.2,4
1252,Carlos Rincon,C02,4.5,11
246,Daniela Nieto,C01,3.0,2
3877,Paula Salazar,C01,2.6,6
2105,Sara Vargas,C03,4.8,16
185,Miguel Castro,C05,2.9,1
2324,Mariana Salazar,C04,3.0,18
2465,Santiago Nieto,C01,4.0,17
4287,Santiago Beltran,C03,3.3,20
2547,Felipe Vargas,C04,4.2,11
947,Carlos Castro,C02,4.8,8
68,Gabriela Beltran,C05,2.7,2
409,Nicolas Cabrera,C03,5.0,16
4788,Valeria Mendoza,C01,3.3,2
2440,Tomas Cabrera,C01,2.2,12
2,Gabriela Rojas,C03,4.1,6
1656,Mateo Nieto,C04,3.2,12
3892,Diego Silva,C04,2.1,3
2050,Paula Pardo,C05,,12
1361,Mariana Silva,C05,4.7,11
332,Carlos Salazar,C03,5.0,2
1316,Ana Mendoza,C02,3.6,4
4134,Mariana Duran,C04,4.1,6
4099,Camila Beltran,C05,3.1,4
1222,Camila Cabrera,C03,5.0,10
1705,Mariana Duran,C05,4.2,20
1900,Mateo Cabrera,C02,2.2,7
1718,Ana Beltran,C05,2.4,14
4780,Gabriela Vargas,C01,3.3,9
4032,Sofia Duran,C04,4.4,8
2673,Laura Nieto,C04,4.2,15
306,Santiago Rojas,C01,2.7,16
1766,Sofia Salazar,C01,2.7,1
4128,Paula Rincon,C03,4.0,15
3467,Nicolas Rojas,C01,3.1,8
85,Camila Mendoza,C01,2.1,0
4709,Camila Ospina,C04,4.9,19
2526,Tomas Herrera,C01,5.0,20
1217,Mateo Salazar,C03,4.2,6
1479,Paula Ospina,C03,3.7,9
612,Isabella Vargas,C03,5.0,17
1824,Alejandra Pardo,C03,4.1,14
1016,Luis Castro,C03,4.2,13
1836,Laura Duran,C04,4.1,17
4142,Mariana Rojas,C02,5.0,20
1924,Sara Beltran,C02,4.8,6
819,Sebastian Beltran,C03,4.2,4
3708,Camila Pardo,C04,3.4,3
144,Tomas Rincon,C05,,12
4125,Carlos Salazar,C05,4.1,15
1434,Alejandra Salazar,C02,2.8,1
709,Camila Herrera,C05,4.1,18
3552,Andres Herrera,C01,3.7,20
1886,Mariana Gomez,C04,,12
651,Sebastian Duran,C02,4.3,2
1804,Luis Herrera,C04,4.9,15
4138,Luis Pardo,C04,2.9,10
2779,Luis Salazar,C01,2.4,3
2396,Sara Ospina,C03,4.3,0
2430,Camila Ospina,C05,4.2,7
2943,Isabella Castro,C02,3.7,10
2423,Ana Pardo,C03,4.7,13
3019,Diego Duran,C01,3.0,8
411,Sofia Mendoza,C03,4.2,11
1823,Isabella Martinez,C05,3.7,10
3684,Sofia Vargas,C01,3.8,4
3097,Luis Rojas,C03,3.9,19
2502,Paula Mendoza,C01,1.9,6
3789,Carlos Gomez,C03,,17
1389,Sebastian Salazar,C04,2.9,17
2600,Luis Rincon,C04,2.6,6
4026,Santiago Gomez,C04,2.8,8
3319,Alejandra Duran,C01,2.0,6
3850,Ana Duran,C05,4.7,11
2298,Sara Ospina,C04,3.4,2
1511,Laura Rojas,C03,3.6,6
1958,Juan Salazar,C01,2.3,18
4866,Miguel Gomez,C02,4.5,12
2121,Juan Vargas,C03,4.5,13
2388,Felipe Silva,C03,5.0,17
3134,Daniela Gomez,C04,2.2,3
4381,Nicolas Cabrera,C04,3.1,1
4954,Luis Mendoza,C02,2.7,4
3620,Ana Duran,C01,2.3,9
2956,Sara Ospina,C04,4.1,10
1766,Sofia Salazar,C01,2.7,1
3068,Daniela Beltran,C02,3.2,2
3520,Ana Cabrera,C04,3.5,1
4323,Nicolas Duran,C05,4.4,0
4380,Camila Silva,C01,2.7,1
2656,Sofia Salazar,C01,2.8,14
188,Carlos Nieto,C03,5.0,17
4376,Luis Martinez,C03,4.4,2
1670,Gabriela Salazar,C05,3.8,15
501,Luis Gomez,C01,2.7,6
3066,Sebastian Gomez,C05,3.0,3
4052,Camila Ospina,C03,3.6,0
4448,Juan Silva,C01,1.9,2
2706,Sofia Rincon,C05,,9
3612,Sofia Nieto,C01,3.5,0
1537,Miguel Rojas,C05,4.3,15
3035,Gabriela Cabrera,C01,2.5,10
3754,Gabriela Rojas,C04,2.6,20
57,Diego Ospina,C05,3.2,6
1874,Isabella Gomez,C04,4.0,13
3469,Daniela Gomez,C03,3.8,8
1123,Laura Rincon,C05,5.0,9
4192,Camila Duran,C05,3.9,10
3210,Mateo Silva,C02,4.0,11
1136,Sara Pardo,C03,,8
4955,Miguel Beltran,C02,4.5,15
3388,Camila Ospina,C03,4.9,19
941,Gabriela Ospina,C05,4.7,10
207,Diego Silva,C03,4.2,20
1004,Ana Cabrera,C05,3.2,19
356,Carlos Nieto,C02,4.3,5
2881,Santiago Pardo,C04,3.2,9
547,Andres Ospina,C01,2.4,11
4631,Felipe Mendoza,C03,4.4,19
930,Alejandra Vargas,C04,3.3,13
3970,Gabriela Beltran,C01,2.5,12
1499,Tomas Salazar,C05,4.2,0
3340,Miguel Nieto,C05,,18
2125,Andres Vargas,C01,1.4,14
838,Sofia Beltran,C05,3.8,4
2352,Tomas Rincon,C02,3.9,12
2117,Mariana Rojas,C01,3.7,20
2151,Ana Mendoza,C02,3.2,18
4188,Felipe Mendoza,C04,3.2,0
4909,Daniela Rojas,C01,2.5,0
1822,Luis Ospina,C05,3.4,17
1423,Daniela Salazar,C03,3.6,16
3276,Sebastian Gomez,C03,4.3,17
2321,Luis Gomez,C03,4.4,2
4436,Santiago Martinez,C03,3.9,12
2760,Mariana Castro,C04,4.4,6
2565,Alejandra Cabrera,C05,4.4,7
898,Felipe Cabrera,C03,3.8,5
3327,Paula Gomez,C03,4.1,6
3741,Daniela Duran,C05,3.8,2
2872,Santiago Mendoza,C04,3.4,17
3091,Paula Duran,C05,4.6,8
3507,Luis Nieto,C03,4.9,4
4407,Sebastian Gomez,C03,4.5,5
2112,Laura Nieto,C04,2.5,20
2789,Mateo Martinez,C05,3.9,18
570,Mariana Rincon,C01,2.9,17
2951,Luis Castro,C02,2.8,17
1455,Isabella Beltran,C04,,4
2494,Luis Cabrera,C01,2.8,17
1495,Diego Salazar,C05,2.2,1
504,Juan Duran,C02,2.8,0
3332,Tomas Nieto,C05,4.2,2
2373,Nicolas Duran,C02,3.2,17
2866,Mariana Gomez,C04,4.1,3
4500,Nicolas Pardo,C05,4.9,12
4864,Miguel Martinez,C05,3.5,20
2626,Andres Duran,C01,2.5,15
3071,Nicolas Vargas,C04,3.4,20
3786,Nicolas Silva,C04,3.4,13
2176,Isabella Mendoza,C03,5.0,12
1904,Daniela Mendoza,C05,4.1,12
4730,Daniela Mendoza,C02,4.9,10
1522,Mateo Salazar,C03,4.1,8
3463,Sebastian Beltran,C01,3.0,17
4155,Alejandra Duran,C01,2.6,1
1996,Gabriela Duran,C04,2.7,15
1555,Sofia Martinez,C05,3.9,4
603,Gabriela Gomez,C01,4.0,2
3840,Isabella Ospina,C05,4.4,12
2861,Santiago Rojas,C02,3.1,4
1678,Juan Beltran,C04,4.7,3
4622,Mariana Salazar,C03,4.5,10
3893,Carlos Rincon,C01,2.8,19
3795,Luis Pardo,C03,4.8,15
3537,Felipe Pardo,C01,3.3,9
480,Gabriela Nieto,C01,3.3,6
2392,Daniela Vargas,C04,3.1,11
1355,Carlos Rincon,C02,2.8,15
4296,Nicolas Salazar,C05,4.0,6
1755,Juan Vargas,C03,4.1,12
2167,Mateo Nieto,C01,2.7,16
4922,Andres Rojas,C03,4.6,2
4781,Santiago Beltran,C02,4.8,16
458,Diego Ospina,C05,3.5,11
2191,Isabella Pardo,C04,4.6,15
3698,Mateo Ospina,C02,3.8,19
424,Luis Gomez,C04,3.5,18
4496,Daniela Duran,C02,2.8,8
1448,Laura Ospina,C02,3.2,3
2524,Paula Gomez,C02,3.0,15
4544,Santiago Martinez,C04,3.2,3
745,Sara Rincon,C05,4.0,20
2666,Sebastian Duran,C03,3.7,9
1701,Sara Herrera,C04,3.2,20
1592,Andres Silva,C05,3.4,15
4258,Felipe Pardo,C03,4.8,10
2960,Laura Rojas,C02,5.0,19
239,Carlos Salazar,C04,4.2,1
2216,Valeria Mendoza,C05,4.2,12
4526,Sara Rojas,C04,2.8,9
4111,Mariana Vargas,C02,5.0,7
553,Alejandra Cabrera,C02,3.9,11
1138,Isabella Pardo,C05,2.6,5
89,Valeria Rojas,C02,3.6,16
2723,Carlos Silva,C02,4.0,18
1344,Alejandra Ospina,C02,4.8,10
2537,Felipe Gomez,C02,4.5,18
3794,Paula Gomez,C01,3.7,8
1693,Sebastian Mendoza,C05,5.0,19
829,Laura Mendoza,C02,,3
4840,Nicolas Rincon,C04,,9
721,Luis Castro,C03,4.9,13
2307,Isabella Pardo,C05,3.1,14
1320,Isabella Gomez,C05,5.0,15
4337,Ana Salazar,C04,3.2,1
4124,Mariana Rojas,C01,2.7,18
186,Sara Castro,C04,4.2,3
2511,Sofia Mendoza,C03,3.4,6
3809,Santiago Castro,C05,4.1,13
4118,Valeria Martinez,C02,4.7,4
1010,Alejandra Gomez,C03,3.8,1
1616,Andres Herrera,C03,4.4,12
4414,Andres Vargas,C05,5.0,11
3241,Sebastian Herrera,C01,3.6,7
4083,Laura Silva,C01,,0
2527,Miguel Martinez,C01,,14
3277,Carlos Gomez,C04,2.8,15
1788,Mariana Beltran,C02,4.4,4
3251,Diego Salazar,C02,3.6,11
607,Nicolas Ospina,C05,4.4,2
3121,Diego Gomez,C03,4.0,6
1269,Alejandra Rincon,C01,2.1,1
528,Sofia Castro,C05,3.5,11
1454,Gabriela Nieto,C04,3.3,20
3901,Miguel Vargas,C02,4.0,5
2907,Luis Gomez,C02,4.8,6
3624,Miguel Herrera,C04,,12
2475,Paula Rojas,C02,2.4,7
1969,Nicolas Pardo,C05,3.4,14
516,Isabella Rincon,C04,2.8,11
1916,Gabriela Mendoza,C04,3.7,18
2218,Miguel Salazar,C02,2.9,16
4871,Valeria Nieto,C02,,4
3133,Sebastian Beltran,C03,4.3,15
40,Ana Beltran,C05,4.5,11
1475,Isabella Silva,C05,3.6,1
2491,Mateo Cabrera,C02,4.4,19
1284,Valeria Castro,C02,3.5,17
2578,Mateo Silva,C03,4.6,6
4573,Santiago Rincon,C04,4.1,0
620,Camila Martinez,C01,2.8,13
4101,Diego Martinez,C02,3.5,12
121,Isabella Mendoza,C01,3.3,18
50,Sebastian Cabrera,C04,4.2,16
1213,Mariana Vargas,C03,3.6,1
949,Laura Rojas,C04,3.7,19
4328,Sofia Salazar,C04,3.2,20
875,Daniela Herrera,C01,3.1,12
1867,Isabella Castro,C05,3.1,11
2059,Sofia Rincon,C02,4.0,7
4635,Santiago Rincon,C03,4.5,2
2983,Santiago Herrera,C01,2.6,11
2887,Nicolas Castro,C03,5.0,20
82,Paula Castro,C01,3.2,14
2711,Andres Pardo,C04,1.9,3
521,Mariana Pardo,C02,4.0,9
4013,Paula Silva,C01,3.2,3
1576,Miguel Vargas,C03,4.5,14
3051,Miguel Vargas,C03,5.0,18
2351,Tomas Duran,C01,2.6,16
2357,Sebastian Pardo,C02,4.2,9
4722,Isabella Ospina,C03,3.8,0
4637,Luis Gomez,C03,4.3,20
4692,Daniela Gomez,C01,3.2,8
1429,Diego Beltran,C05,3.0,0
4037,Mariana Gomez,C01,1.9,9
2632,Sara Vargas,C01,4.0,13
1583,Miguel Castro,C05,2.3,8
3954,Isabella Gomez,C03,3.5,13
1098,Daniela Ospina,C04,4.4,18
1860,Diego Gomez,C01,3.2,11
3694,Laura Rojas,C02,3.5,11
1243,Tomas Martinez,C03,4.0,2
2927,Luis Herrera,C01,2.8,18
3451,Nicolas Pardo,C01,3.0,19
3282,Santiago Castro,C05,3.5,12
2564,Laura Martinez,C04,3.2,2
4548,Sara Ospina,C01,4.2,11
1501,Juan Silva,C05,4.0,6
851,Sofia Ospina,C05,5.0,17
2713,Mariana Silva,C04,4.7,4
1995,Gabriela Gomez,C05,2.9,0
1072,Camila Rincon,C05,4.3,15
100,Alejandra Herrera,C03,4.4,14
460,Sebastian Silva,C04,3.6,6
907,Isabella Mendoza,C03,4.0,5
1986,Sofia Herrera,C01,,17
2457,Mateo Castro,C02,3.6,4
1770,Carlos Mendoza,C03,4.1,15
2267,Mariana Nieto,C01,3.7,7
3117,Nicolas Nieto,C02,2.9,1
3299,Miguel Rincon,C01,3.0,3
2816,Valeria Silva,C02,4.5,12
1602,Sofia Mendoza,C04,3.9,0
540,Valeria Martinez,C02,4.4,11
3648,Paula Castro,C04,3.3,0
1941,Camila Herrera,C03,4.8,1
4766,Sara Mendoza,C05,3.6,5
1014,Paula Herrera,C04,3.7,10
1660,Sofia Pardo,C01,2.8,19
4472,Paula Herrera,C04,3.5,2
2196,Juan Ospina,C04,3.2,2
80,Valeria Gomez,C01,1.9,8
1858,Carlos Ospina,C02,3.8,14
3482,Camila Ospina,C03,3.2,20
3857,Sofia Ospina,C02,3.5,10
1055,Laura Herrera,C01,3.2,2
3721,Juan Pardo,C04,3.9,9
442,Diego Nieto,C05,2.5,6
4297,Ana Mendoza,C03,4.3,9
2163,Gabriela Salazar,C02,3.0,9
1954,Santiago Mendoza,C05,3.8,13
2787,Daniela Salazar,C01,2.3,11
989,Santiago Martinez,C02,4.5,2
3868,Juan Silva,C03,3.6,0
4551,Ana Beltran,C03,3.1,20
3263,Isabella Martinez,C03,3.5,1
3947,Mateo Vargas,C03,5.0,1
3,Diego Martinez,C01,3.5,1
3892,Diego Silva,C04,2.1,3
1802,Valeria Pardo,C03,4.5,20
861,Diego Gomez,C01,3.5,15
604,Gabriela Rincon,C02,4.5,6
3554,Sebastian Martinez,C04,3.0,10
2290,Paula Martinez,C02,3.5,12
1327,Sebastian Vargas,C02,2.3,7
1943,Nicolas Pardo,C03,4.3,8
3602,Ana Mendoza,C03,3.4,8
4518,Gabriela Mendoza,C02,3.8,13
1303,Diego Nieto,C04,3.8,2
4452,Miguel Salazar,C02,4.8,3
1196,Diego Cabrera,C02,3.4,12
3578,Felipe Cabrera,C03,4.1,1
820,Mariana Vargas,C02,3.1,3
1612,Camila Rojas,C02,4.3,16
688,Carlos Vargas,C03,3.7,19
43,Tomas Castro,C04,2.0,4
2649,Camila Mendoza,C03,3.8,6
2235,Nicolas Castro,C04,2.6,8
3240,Luis Duran,C04,4.5,19
3286,Luis Ospina,C04,3.0,4
1159,Luis Mendoza,C02,,20
2256,Valeria Pardo,C01,4.3,11
2786,Juan Rojas,C02,2.1,1
3948,Felipe Martinez,C01,2.7,6
3335,Isabella Pardo,C03,3.1,8
4902,Andres Gomez,C05,3.7,20
51,Ana Rincon,C02,3.0,19
2005,Paula Ospina,C05,5.0,16
3217,Paula Castro,C03,3.4,9
3183,Sara Gomez,C04,2.7,6
3366,Carlos Cabrera,C05,4.5,9
3707,Felipe Silva,C01,3.7,14
4836,Diego Salazar,C04,3.0,17
2714,Sara Castro,C04,3.9,0
854,Daniela Pardo,C02,2.7,1
1443,Sofia Pardo,C03,4.8,10
1415,Mateo Pardo,C04,4.1,2
1210,Alejandra Mendoza,C05,4.1,20
3224,Mariana Gomez,C03,4.2,11
353,Miguel Pardo,C04,4.0,16
1795,Isabella Herrera,C03,4.7,12
2266,Valeria Mendoza,C05,4.3,8
1391,Andres Gomez,C02,4.0,11
1650,Carlos Silva,C01,3.5,5
4603,Felipe Rojas,C01,3.7,11
4865,Paula Salazar,C01,2.9,15
282,Laura Pardo,C03,3.4,7
320,Isabella Gomez,C05,3.1,19
2211,Juan Herrera,C03,5.0,6
2336,Carlos Vargas,C05,3.2,7
3772,Valeria Martinez,C02,3.9,7
4721,Isabella Martinez,C02,4.6,20
499,Nicolas Castro,C01,1.9,6
4424,Felipe Silva,C03,3.3,6
4895,Santiago Pardo,C05,3.7,0
1533,Daniela Salazar,C04,3.1,5
4924,Ana Cabrera,C03,4.6,9
3919,Luis Ospina,C02,3.5,16
2397,Isabella Rojas,C02,4.1,17
2948,Laura Rojas,C01,3.7,18
4646,Luis Pardo,C01,3.9,19
1883,Andres Gomez,C03,4.1,1
445,Diego Duran,C01,2.5,3
431,Alejandra Beltran,C02,,7
3787,Felipe Cabrera,C04,2.9,11
3401,Alejandra Herrera,C02,4.5,2
1666,Juan Beltran,C04,3.1,14
3083,Juan Nieto,C02,4.4,15
1646,Santiago Martinez,C03,4.2,2
122,Ana Cabrera,C02,4.6,16
4092,Felipe Castro,C05,4.4,14
2281,Alejandra Nieto,C01,3.3,10
3064,Sebastian Cabrera,C03,3.2,20
2278,Juan Rincon,C01,2.5,0
3635,Mariana Nieto,C02,3.5,11
1251,Valeria Cabrera,C02,4.3,2
2063,Valeria Rojas,C01,3.9,11
2751,Gabriela Salazar,C03,4.7,14
2028,Isabella Mendoza,C03,4.0,8
4691,Sara Nieto,C03,3.8,18
4743,Gabriela Cabrera,C04,3.5,1
3127,Ana Rincon,C02,4.5,16
883,Santiago Vargas,C02,3.0,10
1108,Felipe Rojas,C03,4.8,3
4373,Alejandra Duran,C05,5.0,0
3489,Diego Beltran,C05,3.7,3
3047,Miguel Vargas,C02,4.8,5
4470,Valeria Salazar,C03,4.2,14
2778,Mariana Gomez,C01,2.3,5
3312,Sofia Silva,C05,3.8,17
3761,Sara Martinez,C05,4.0,4
52,Valeria Castro,C01,2.7,19
3619,Laura Duran,C04,4.9,19
856,Nicolas Cabrera,C02,5.0,5
877,Carlos Martinez,C03,4.3,13
667,Laura Duran,C04,3.6,11
4647,Juan Beltran,C02,,7
346,Alejandra Vargas,C04,3.4,5
4252,Sara Rojas,C05,4.4,8
4929,Laura Duran,C01,1.5,2
935,Valeria Cabrera,C04,4.5,18
1654,Nicolas Gomez,C05,4.1,3
2623,Sofia Herrera,C02,4.1,7
2144,Valeria Silva,C01,3.0,14
1294,Felipe Nieto,C01,3.4,5
979,Isabella Martinez,C02,4.0,2
3152,Carlos Pardo,C05,5.0,16
1851,Mariana Rincon,C04,2.8,14
99,Sebastian Pardo,C01,2.1,15
2332,Nicolas Nieto,C02,3.2,4
1506,Mariana Rincon,C02,3.6,17
3631,Andres Rojas,C04,4.0,13
3806,Daniela Ospina,C04,3.1,15
3600,Camila Ospina,C01,3.3,13
456,Alejandra Rojas,C05,3.9,3
1300,Mateo Pardo,C03,3.2,5
2418,Mariana Rojas,C02,3.5,19
2933,Miguel Gomez,C03,3.4,9
3036,Nicolas Gomez,C02,3.4,6
3295,Nicolas Herrera,C03,4.9,8
4365,Juan Nieto,C04,,14
4371,Alejandra Castro,C05,4.4,8
4880,Santiago Castro,C05,4.0,7
3536,Miguel Pardo,C02,5.0,17
2715,Mariana Nieto,C01,3.1,9
3219,Daniela Cabrera,C05,4.1,0
1472,Alejandra Martinez,C02,4.3,13
2684,Juan Rojas,C05,3.9,6
263,Laura Cabrera,C04,3.2,0
2062,Sara Rincon,C02,3.3,4
622,Luis Castro,C02,3.3,9
809,Laura Cabrera,C02,4.9,13
1165,Tomas Martinez,C04,3.9,2
522,Valeria Martinez,C02,2.8,10
3088,Isabella Rojas,C05,4.3,0
1116,Nicolas Gomez,C02,3.3,5
1777,Nicolas Martinez,C04,4.5,3
3114,Nicolas Cabrera,C02,3.8,8
1438,Laura Nieto,C02,,19
1936,Felipe Silva,C02,5.0,14
574,Alejandra Nieto,C03,3.4,6
648,Mateo Duran,C02,3.6,14
474,Ana Salazar,C03,4.8,20
2462,Andres Beltran,C03,4.0,6
1593,Paula Silva,C01,3.1,4
4225,Sebastian Vargas,C04,2.0,5
